"","SAMPLE_dN15.14.comps"
"(Intercept)",-11.283387274768
"Wave_1200",3.43389926124335
"Wave_1201",2.38781269402556
"Wave_1202",1.64316311609916
"Wave_1203",1.04066990469256
"Wave_1204",0.386396698061949
"Wave_1205",-0.330916542047524
"Wave_1206",-1.26587682773218
"Wave_1207",-1.96415819204928
"Wave_1208",-2.85005120777987
"Wave_1209",-2.98984425646191
"Wave_1210",-2.72145495880678
"Wave_1211",-2.64282441914515
"Wave_1212",-2.95667612580685
"Wave_1213",-3.16175826477608
"Wave_1214",-3.32211561475026
"Wave_1215",-3.47101226245514
"Wave_1216",-3.35199180523818
"Wave_1217",-3.24132209631771
"Wave_1218",-3.21416760784859
"Wave_1219",-3.06391852545656
"Wave_1220",-2.74772483973196
"Wave_1221",-2.43904083026405
"Wave_1222",-2.34293209761931
"Wave_1223",-2.26395785828781
"Wave_1224",-2.19288931286473
"Wave_1225",-2.15692679573854
"Wave_1226",-2.12170848925983
"Wave_1227",-2.19170129529676
"Wave_1228",-1.97358497282053
"Wave_1229",-1.58531015798355
"Wave_1230",-1.56198053605479
"Wave_1231",-1.76836945482775
"Wave_1232",-1.68776193854517
"Wave_1233",-1.8382714515046
"Wave_1234",-2.13195270686774
"Wave_1235",-1.68378511238458
"Wave_1236",-1.4095157724548
"Wave_1237",-1.75653423007211
"Wave_1238",-1.42169758824018
"Wave_1239",-0.899503521639201
"Wave_1240",-0.740317508203094
"Wave_1241",-0.376409210586466
"Wave_1242",-0.145220464020023
"Wave_1243",0.0605341117527707
"Wave_1244",0.10655944625672
"Wave_1245",0.0115502256606421
"Wave_1246",-0.253319127506348
"Wave_1247",-0.0648791023112895
"Wave_1248",0.0409258337071476
"Wave_1249",-0.132147856221625
"Wave_1250",0.17917915540439
"Wave_1251",0.227303333063051
"Wave_1252",-0.381514340195785
"Wave_1253",-0.506722133780468
"Wave_1254",-0.249905983209753
"Wave_1255",-0.452133191850257
"Wave_1256",-0.972256259340576
"Wave_1257",-1.17523625173193
"Wave_1258",-1.41195763299567
"Wave_1259",-2.00409822931973
"Wave_1260",-2.19947945773345
"Wave_1261",-1.98743410744097
"Wave_1262",-1.82284854479846
"Wave_1263",-1.64422759131588
"Wave_1264",-1.54833655553065
"Wave_1265",-1.45235467902697
"Wave_1266",-1.43824886366417
"Wave_1267",-1.86838534274877
"Wave_1268",-2.03497220903514
"Wave_1269",-1.46220586675879
"Wave_1270",-1.33193768482617
"Wave_1271",-1.35962462856097
"Wave_1272",-1.25509342380494
"Wave_1273",-1.41365758612496
"Wave_1274",-1.3310785867252
"Wave_1275",-1.12393717484892
"Wave_1276",-0.820962460435584
"Wave_1277",-0.601849838874288
"Wave_1278",-0.552830799029075
"Wave_1279",-0.256638209005888
"Wave_1280",-0.0865233623501729
"Wave_1281",-0.39079208512448
"Wave_1282",-0.498529711251916
"Wave_1283",-0.289757837842091
"Wave_1284",-0.459456649573452
"Wave_1285",-0.0778590086101363
"Wave_1286",0.637767470719736
"Wave_1287",0.502177760243735
"Wave_1288",0.569878581718838
"Wave_1289",0.731641430756582
"Wave_1290",0.880963221544906
"Wave_1291",0.569003510675396
"Wave_1292",0.863643881010308
"Wave_1293",1.07803959008053
"Wave_1294",0.678116513957304
"Wave_1295",0.503899187047702
"Wave_1296",0.39929617190386
"Wave_1297",-0.118289712351491
"Wave_1298",-0.576234166163411
"Wave_1299",-0.0308158287439942
"Wave_1300",0.361730386937665
"Wave_1301",-0.282796333441974
"Wave_1302",-0.00955768558986136
"Wave_1303",0.389967432716424
"Wave_1304",0.142559563997497
"Wave_1305",0.704637773013922
"Wave_1306",0.80991868544898
"Wave_1307",-0.105535678317431
"Wave_1308",-0.392180132738114
"Wave_1309",-0.0150826564211739
"Wave_1310",-0.0539332257560126
"Wave_1311",-0.163516774002745
"Wave_1312",-0.193810985667076
"Wave_1313",-0.0697847062406682
"Wave_1314",-0.190295674437388
"Wave_1315",-0.192943949862608
"Wave_1316",-0.213852594794864
"Wave_1317",-0.243317512586599
"Wave_1318",-0.2923966756042
"Wave_1319",-0.167827839420139
"Wave_1320",0.1896525385467
"Wave_1321",0.339718707552895
"Wave_1322",0.383793181048529
"Wave_1323",0.515474507395514
"Wave_1324",0.770380135750421
"Wave_1325",0.982126521729501
"Wave_1326",0.885300035829675
"Wave_1327",0.75650718811685
"Wave_1328",0.940341343872418
"Wave_1329",1.37932169300127
"Wave_1330",1.68053147495532
"Wave_1331",1.47417695007701
"Wave_1332",1.32457411963916
"Wave_1333",1.60497085675123
"Wave_1334",1.73097677583039
"Wave_1335",1.85250451274253
"Wave_1336",1.73167821777712
"Wave_1337",1.23501009062537
"Wave_1338",1.11151624880545
"Wave_1339",1.2240269780721
"Wave_1340",0.893585072921925
"Wave_1341",0.520050612488443
"Wave_1342",0.352573723887595
"Wave_1343",0.0784587508596462
"Wave_1344",-0.329317876626345
"Wave_1345",-0.527765631679975
"Wave_1346",-0.442297462720475
"Wave_1347",-0.808047820823201
"Wave_1348",-1.30334561830828
"Wave_1349",-1.26016655572838
"Wave_1350",-1.28023065057579
"Wave_1351",-1.00241581649694
"Wave_1352",-0.297122420292048
"Wave_1353",0.334120998338667
"Wave_1354",0.712746604034546
"Wave_1355",0.823288133798144
"Wave_1356",1.28135513909551
"Wave_1357",1.62445409512298
"Wave_1358",1.60591919337015
"Wave_1359",2.06334927987356
"Wave_1360",2.63691297070882
"Wave_1361",2.74379723571185
"Wave_1362",2.56385551424133
"Wave_1363",2.74045329231776
"Wave_1364",2.86517938375806
"Wave_1365",2.63134646942289
"Wave_1366",2.31483856466934
"Wave_1367",2.36732474904176
"Wave_1368",2.36410733660805
"Wave_1369",2.41616353791656
"Wave_1370",2.23868536033002
"Wave_1371",1.97900881091641
"Wave_1372",2.16294510741926
"Wave_1373",2.29870466804919
"Wave_1374",2.49117406943269
"Wave_1375",2.87624005046615
"Wave_1376",2.95964697845357
"Wave_1377",3.0469130964498
"Wave_1378",3.33337927820114
"Wave_1379",3.72110345429919
"Wave_1380",4.04820016554012
"Wave_1381",3.9688845869802
"Wave_1382",3.92683999798182
"Wave_1383",4.23473763817206
"Wave_1384",4.44934830102401
"Wave_1385",4.45745107399418
"Wave_1386",4.62717450832271
"Wave_1387",4.98655459759359
"Wave_1388",5.30245753104085
"Wave_1389",5.47540633665574
"Wave_1390",5.78459461609784
"Wave_1391",6.1016110783095
"Wave_1392",6.35863917418473
"Wave_1393",6.74878448641395
"Wave_1394",7.00581288393519
"Wave_1395",7.09978433515085
"Wave_1396",7.22000257777576
"Wave_1397",7.36339091589525
"Wave_1398",7.39558934132121
"Wave_1399",7.36960529509939
"Wave_1400",7.1485783325753
"Wave_1401",7.09543183827258
"Wave_1402",7.13668746674154
"Wave_1403",6.78202023122342
"Wave_1404",6.16795380212452
"Wave_1405",5.50365987185802
"Wave_1406",4.63802811390778
"Wave_1407",3.69308745986147
"Wave_1408",2.83135590273893
"Wave_1409",1.59267124000318
"Wave_1410",0.105118645279252
"Wave_1411",-0.915667701409029
"Wave_1412",-1.632016623827
"Wave_1413",-2.48841630246867
"Wave_1414",-3.34020990275172
"Wave_1415",-4.05987193929237
"Wave_1416",-4.67642138234846
"Wave_1417",-5.57424021358518
"Wave_1418",-6.6036340288309
"Wave_1419",-7.35956669637299
"Wave_1420",-8.06018779865621
"Wave_1421",-8.50277047464864
"Wave_1422",-8.68567278563444
"Wave_1423",-8.74715634864793
"Wave_1424",-8.6559400166624
"Wave_1425",-8.68318899049148
"Wave_1426",-8.71476600977141
"Wave_1427",-8.29798265353955
"Wave_1428",-7.78874427727614
"Wave_1429",-7.22194622993712
"Wave_1430",-6.26377410722243
"Wave_1431",-5.3571057185534
"Wave_1432",-4.4840408280846
"Wave_1433",-3.6041884174338
"Wave_1434",-2.76869804471812
"Wave_1435",-1.39181128538688
"Wave_1436",-0.16724881000578
"Wave_1437",0.904625352738857
"Wave_1438",2.29670747072674
"Wave_1439",3.64900072840808
"Wave_1440",4.60683661859259
"Wave_1441",5.4581580249561
"Wave_1442",6.52471670612149
"Wave_1443",7.25970827827519
"Wave_1444",7.71156079623106
"Wave_1445",8.16837937387082
"Wave_1446",8.39875293417641
"Wave_1447",8.91222974385332
"Wave_1448",9.21347075807799
"Wave_1449",9.10392417347685
"Wave_1450",9.34038703101271
"Wave_1451",9.10979923000638
"Wave_1452",8.5525288874806
"Wave_1453",8.47066902522864
"Wave_1454",8.52138090063274
"Wave_1455",8.44388420942422
"Wave_1456",7.92525450700389
"Wave_1457",7.32632518356163
"Wave_1458",7.09582324964382
"Wave_1459",6.53467211985601
"Wave_1460",5.88250996023044
"Wave_1461",5.63941103236557
"Wave_1462",5.39684450925214
"Wave_1463",4.87302474371888
"Wave_1464",4.34540503565
"Wave_1465",4.07989108117656
"Wave_1466",3.82530603586803
"Wave_1467",3.36179941750297
"Wave_1468",2.94702337581132
"Wave_1469",2.79184534786148
"Wave_1470",2.45027087909618
"Wave_1471",1.7943928321185
"Wave_1472",1.33347237628547
"Wave_1473",0.893814805181557
"Wave_1474",0.793610117437389
"Wave_1475",0.930434208058383
"Wave_1476",0.935919658777097
"Wave_1477",1.12734089730714
"Wave_1478",1.29179890108579
"Wave_1479",1.08188002926823
"Wave_1480",0.8111088205599
"Wave_1481",0.687513044755866
"Wave_1482",0.577684422177777
"Wave_1483",0.270431160424362
"Wave_1484",0.0262357708019043
"Wave_1485",-0.0881998776558189
"Wave_1486",-0.634141802288085
"Wave_1487",-0.991773961411664
"Wave_1488",-0.803486063388496
"Wave_1489",-1.06062141550298
"Wave_1490",-1.32362901579268
"Wave_1491",-1.31863609969249
"Wave_1492",-1.65991893142046
"Wave_1493",-2.06426864880725
"Wave_1494",-2.23092600351205
"Wave_1495",-2.15036498472248
"Wave_1496",-2.45335934454406
"Wave_1497",-3.11602129927794
"Wave_1498",-3.32910130240077
"Wave_1499",-3.46907630642147
"Wave_1500",-3.69737364411553
"Wave_1501",-3.85026522617072
"Wave_1502",-4.10556581059639
"Wave_1503",-4.38493139719227
"Wave_1504",-4.64263823776124
"Wave_1505",-4.68382700143196
"Wave_1506",-4.56351180630159
"Wave_1507",-4.74601495296867
"Wave_1508",-5.0705203499941
"Wave_1509",-5.09586809273199
"Wave_1510",-5.16315214924486
"Wave_1511",-5.45883734409735
"Wave_1512",-5.78028006414239
"Wave_1513",-6.24327273117372
"Wave_1514",-6.80521854630798
"Wave_1515",-7.20734856018029
"Wave_1516",-7.54438915546028
"Wave_1517",-7.55244619692857
"Wave_1518",-7.28966446534901
"Wave_1519",-7.42668265795412
"Wave_1520",-7.51893839394265
"Wave_1521",-7.40314583625628
"Wave_1522",-7.3816478257389
"Wave_1523",-7.55487304204107
"Wave_1524",-7.57118428940656
"Wave_1525",-7.57769433785931
"Wave_1526",-8.06420752349735
"Wave_1527",-8.23578983718786
"Wave_1528",-7.85454252325411
"Wave_1529",-7.53644099804448
"Wave_1530",-7.37840052271852
"Wave_1531",-7.35802237582906
"Wave_1532",-7.24623562995238
"Wave_1533",-7.00771571273382
"Wave_1534",-7.0122345480233
"Wave_1535",-6.78537034708832
"Wave_1536",-5.8936618199488
"Wave_1537",-5.67348528870624
"Wave_1538",-6.122246941117
"Wave_1539",-6.09791174906967
"Wave_1540",-5.77950134404222
"Wave_1541",-5.80594466725636
"Wave_1542",-6.08310457190561
"Wave_1543",-5.9529803965614
"Wave_1544",-5.60229455741842
"Wave_1545",-5.55455680333853
"Wave_1546",-5.4449896729909
"Wave_1547",-5.13085134732699
"Wave_1548",-4.85332341465751
"Wave_1549",-4.88834863758421
"Wave_1550",-5.03310350847565
"Wave_1551",-5.03762079043447
"Wave_1552",-5.19064685006574
"Wave_1553",-5.48841001789508
"Wave_1554",-5.5201571255633
"Wave_1555",-5.42073044712415
"Wave_1556",-5.69421568123298
"Wave_1557",-5.95236081732765
"Wave_1558",-5.87368310767135
"Wave_1559",-5.67970451136353
"Wave_1560",-5.53685680239228
"Wave_1561",-5.46875114417143
"Wave_1562",-5.30800630454122
"Wave_1563",-5.3621847403542
"Wave_1564",-5.54432705544565
"Wave_1565",-5.2034245844672
"Wave_1566",-4.91507264877583
"Wave_1567",-5.07045767870638
"Wave_1568",-5.02988546063955
"Wave_1569",-4.71372804445806
"Wave_1570",-4.30329716513394
"Wave_1571",-4.09112468329473
"Wave_1572",-3.75289961660745
"Wave_1573",-3.32730562728609
"Wave_1574",-3.55717597112835
"Wave_1575",-3.26564361945431
"Wave_1576",-2.35266841963822
"Wave_1577",-2.48721503837286
"Wave_1578",-2.9138173515735
"Wave_1579",-2.82040654019597
"Wave_1580",-2.99867277505582
"Wave_1581",-3.1871970403276
"Wave_1582",-2.73471495183406
"Wave_1583",-2.57489101269456
"Wave_1584",-3.1838519788072
"Wave_1585",-3.28757041644545
"Wave_1586",-3.10858361168235
"Wave_1587",-3.2537709710182
"Wave_1588",-3.13331796672074
"Wave_1589",-2.83367661412553
"Wave_1590",-2.45341172903681
"Wave_1591",-2.2617390344764
"Wave_1592",-2.4655526635695
"Wave_1593",-2.30457842834153
"Wave_1594",-2.09760437187836
"Wave_1595",-2.36895546726088
"Wave_1596",-2.14457176545864
"Wave_1597",-1.87679236429253
"Wave_1598",-2.31324584963198
"Wave_1599",-2.46444809166709
"Wave_1600",-2.27356715001376
"Wave_1601",-1.98603312956823
"Wave_1602",-1.59359869161346
"Wave_1603",-1.27745747988866
"Wave_1604",-0.927074626732554
"Wave_1605",-0.840816811404809
"Wave_1606",-0.728667812749563
"Wave_1607",-0.696106386492877
"Wave_1608",-0.974478645043532
"Wave_1609",-0.777011702279438
"Wave_1610",-0.573653043862325
"Wave_1611",-0.388404887358684
"Wave_1612",0.281304856452219
"Wave_1613",0.81207206173188
"Wave_1614",1.30042640247875
"Wave_1615",1.62847942960642
"Wave_1616",1.68278964091717
"Wave_1617",2.44709079023355
"Wave_1618",3.49322334476687
"Wave_1619",4.19256868569927
"Wave_1620",5.47997830040397
"Wave_1621",6.67109196603867
"Wave_1622",6.99936694784202
"Wave_1623",7.95285977315866
"Wave_1624",9.58318887860714
"Wave_1625",10.5939799731164
"Wave_1626",11.4180423724411
"Wave_1627",12.9462192653418
"Wave_1628",14.6286782499343
"Wave_1629",15.7019138765079
"Wave_1630",16.1717306736946
"Wave_1631",16.4975871899883
"Wave_1632",16.5842793532873
"Wave_1633",16.3576037619981
"Wave_1634",16.3205886223586
"Wave_1635",16.0064293013313
"Wave_1636",14.8310009077741
"Wave_1637",13.5299866595153
"Wave_1638",12.6552988456939
"Wave_1639",11.3662834312027
"Wave_1640",9.72147322944158
"Wave_1641",8.58797686004707
"Wave_1642",7.60179545756299
"Wave_1643",6.41076542836816
"Wave_1644",5.40723591277692
"Wave_1645",4.34152922881868
"Wave_1646",3.08677459214174
"Wave_1647",2.36453360044437
"Wave_1648",1.85410519137358
"Wave_1649",1.17926018917735
"Wave_1650",0.249976984400559
"Wave_1651",-0.88444623623748
"Wave_1652",-1.59322489609838
"Wave_1653",-2.08889406742669
"Wave_1654",-2.6754620333197
"Wave_1655",-3.19263391441891
"Wave_1656",-4.11691565287085
"Wave_1657",-5.53511119031757
"Wave_1658",-6.89193350665819
"Wave_1659",-8.10920465057547
"Wave_1660",-8.64431904580288
"Wave_1661",-9.29472746702674
"Wave_1662",-10.6073928753864
"Wave_1663",-11.1605325739795
"Wave_1664",-11.6783304026962
"Wave_1665",-12.5033296695321
"Wave_1666",-12.2506954032322
"Wave_1667",-11.9487412116168
"Wave_1668",-12.453149586802
"Wave_1669",-12.1018239374881
"Wave_1670",-11.0674430055073
"Wave_1671",-10.3848939636986
"Wave_1672",-9.71426201220507
"Wave_1673",-9.07815875518448
"Wave_1674",-8.51844622837665
"Wave_1675",-7.84867432399866
"Wave_1676",-6.93784549135337
"Wave_1677",-6.01079813137879
"Wave_1678",-5.1576476173816
"Wave_1679",-4.27996068574576
"Wave_1680",-3.38065123958926
"Wave_1681",-2.33316025667875
"Wave_1682",-1.27247402045892
"Wave_1683",-0.127946108985907
"Wave_1684",1.38138401511982
"Wave_1685",3.10949007596055
"Wave_1686",4.58503849556762
"Wave_1687",5.92030876300942
"Wave_1688",7.71899256550969
"Wave_1689",9.62436191972755
"Wave_1690",11.0321059066518
"Wave_1691",12.2522622762769
"Wave_1692",13.3346567274163
"Wave_1693",14.054288560427
"Wave_1694",15.1295301099641
"Wave_1695",16.3487302135671
"Wave_1696",16.8601098079439
"Wave_1697",17.492243756741
"Wave_1698",17.7957756555197
"Wave_1699",17.8913835989709
"Wave_1700",17.686500669094
"Wave_1701",17.1990894275774
"Wave_1702",16.207600302439
"Wave_1703",14.6215474622498
"Wave_1704",13.6781080877616
"Wave_1705",12.2456139159007
"Wave_1706",10.5273691932246
"Wave_1707",8.91621077671544
"Wave_1708",6.64154234078765
"Wave_1709",3.56575854338878
"Wave_1710",0.751681295166969
"Wave_1711",-1.85525106815215
"Wave_1712",-5.38363008342042
"Wave_1713",-8.89152409508572
"Wave_1714",-11.5971325690625
"Wave_1715",-14.5452711470522
"Wave_1716",-17.7003309240074
"Wave_1717",-19.4202823363301
"Wave_1718",-20.8243943050626
"Wave_1719",-23.2686913581126
"Wave_1720",-24.298215199839
"Wave_1721",-24.59084220874
"Wave_1722",-25.0093952427868
"Wave_1723",-23.9500210287311
"Wave_1724",-22.8673180432056
"Wave_1725",-22.1347036356591
"Wave_1726",-20.563588040543
"Wave_1727",-18.3816568051743
"Wave_1728",-15.8369970061602
"Wave_1729",-13.1198660483303
"Wave_1730",-10.4210162821998
"Wave_1731",-8.3859886973437
"Wave_1732",-6.29296954530136
"Wave_1733",-3.70513978474959
"Wave_1734",-1.5455343724449
"Wave_1735",0.420221379165372
"Wave_1736",2.13151876210045
"Wave_1737",3.46586478616947
"Wave_1738",4.78417965867262
"Wave_1739",5.50418543991745
"Wave_1740",5.78017742944028
"Wave_1741",6.26102236128661
"Wave_1742",6.32040181671267
"Wave_1743",6.4730227954394
"Wave_1744",5.87068012513606
"Wave_1745",5.59769046011389
"Wave_1746",4.94902872423402
"Wave_1747",4.25863466370581
"Wave_1748",4.28524652967987
"Wave_1749",4.2162970202612
"Wave_1750",3.43215723612116
"Wave_1751",3.05781023080181
"Wave_1752",3.28064233311969
"Wave_1753",2.90808602990668
"Wave_1754",2.08170981929927
"Wave_1755",2.25800647071551
"Wave_1756",2.64319601536075
"Wave_1757",2.65386955616213
"Wave_1758",3.24918165784626
"Wave_1759",3.44110231855558
"Wave_1760",3.5048184532512
"Wave_1761",4.57178927946587
"Wave_1762",5.08953328672394
"Wave_1763",5.15666875190831
"Wave_1764",6.17614412087119
"Wave_1765",7.52499742923229
"Wave_1766",8.44954191434706
"Wave_1767",8.90897444305644
"Wave_1768",9.12162411700201
"Wave_1769",9.36161217905389
"Wave_1770",9.54377297635784
"Wave_1771",9.79633914803157
"Wave_1772",10.4373853673638
"Wave_1773",10.5767510730364
"Wave_1774",10.366618898264
"Wave_1775",10.502689603163
"Wave_1776",10.4846502175607
"Wave_1777",10.9439808918834
"Wave_1778",11.1196647883154
"Wave_1779",10.8507426368088
"Wave_1780",10.9001385744327
"Wave_1781",10.2748394886749
"Wave_1782",10.1501405604229
"Wave_1783",11.3765659589152
"Wave_1784",11.3046656393237
"Wave_1785",9.94693188983969
"Wave_1786",9.8544259465184
"Wave_1787",9.68527785776815
"Wave_1788",9.59998895187198
"Wave_1789",10.8638976869036
"Wave_1790",11.0801485689217
"Wave_1791",10.3568555808454
"Wave_1792",10.3726082072158
"Wave_1793",10.342173208131
"Wave_1794",10.3093434603975
"Wave_1795",10.5689415278026
"Wave_1796",10.9125327610054
"Wave_1797",11.6873109077287
"Wave_1798",11.9728595434888
"Wave_1799",11.3228536836652
"Wave_1800",10.6332389149149
"Wave_1801",9.20136385050988
"Wave_1802",6.97461192307999
"Wave_1803",6.46071297223983
"Wave_1804",6.87567961420351
"Wave_1805",5.86554783317473
"Wave_1806",3.88938752872068
"Wave_1807",2.58943450316508
"Wave_1808",0.870730775146938
"Wave_1809",-1.30034852961032
"Wave_1810",-1.61442636052726
"Wave_1811",-0.779882508734255
"Wave_1812",-0.684088998852346
"Wave_1813",-1.46584038192937
"Wave_1814",-1.50436431025044
"Wave_1815",-1.4856467016365
"Wave_1816",-1.84653239766221
"Wave_1817",-1.76774366964834
"Wave_1818",-0.363274894361045
"Wave_1819",-0.985621720724957
"Wave_1820",-2.52444436865521
"Wave_1821",-2.59137451384292
"Wave_1822",-2.52235715717913
"Wave_1823",-2.67637908488514
"Wave_1824",-2.28732792562876
"Wave_1825",-1.86250776608943
"Wave_1826",-2.2115136568375
"Wave_1827",-2.70585817718415
"Wave_1828",-2.48023801405553
"Wave_1829",-1.51490038835868
"Wave_1830",-0.909669330141094
"Wave_1831",-1.06633555155727
"Wave_1832",-0.995316916762264
"Wave_1833",-1.07993388514445
"Wave_1834",-0.98249405538642
"Wave_1835",-0.73800099563014
"Wave_1836",-0.916471865850702
"Wave_1837",-0.434174186575239
"Wave_1838",0.180557852546329
"Wave_1839",0.0621037186975459
"Wave_1840",0.206371472818925
"Wave_1841",0.304978258088953
"Wave_1842",-0.366812028884418
"Wave_1843",-0.38427869039062
"Wave_1844",-0.114829180048428
"Wave_1845",0.913331721660481
"Wave_1846",1.376746837809
"Wave_1847",1.27626683980256
"Wave_1848",0.885725508525195
"Wave_1849",-0.075991406110469
"Wave_1850",-0.612105885637193
"Wave_1851",-1.31264704025736
"Wave_1852",-0.900730464568597
"Wave_1853",0.835398517454657
"Wave_1854",0.761328989864211
"Wave_1855",0.673151594663032
"Wave_1856",-0.398339543711992
"Wave_1857",-2.14781573992876
"Wave_1858",-2.10052942160693
"Wave_1859",-1.06887646714613
"Wave_1860",-0.413198874424786
"Wave_1861",-0.170569992170926
"Wave_1862",-0.967682632007043
"Wave_1863",-0.964891858014696
"Wave_1864",-1.18239923474052
"Wave_1865",0.0376255079626706
"Wave_1866",0.298252664909371
"Wave_1867",0.803547619767269
"Wave_1868",1.78694362741409
"Wave_1869",1.20501699573655
"Wave_1870",1.0438000906623
"Wave_1871",0.937897848391915
"Wave_1872",1.06685166341164
"Wave_1873",1.1977719588919
"Wave_1874",1.00769088238584
"Wave_1875",0.81211677588231
"Wave_1876",1.12009888315502
"Wave_1877",0.222794516726344
"Wave_1878",-1.37341753903231
"Wave_1879",-1.58143237208008
"Wave_1880",-0.733801035645987
"Wave_1881",-1.00279421769941
"Wave_1882",-1.34775706675266
"Wave_1883",-1.33083511564114
"Wave_1884",-1.46562738014052
"Wave_1885",-1.98683609044462
"Wave_1886",-2.55313704627144
"Wave_1887",-2.68731875786736
"Wave_1888",-2.23210286190302
"Wave_1889",-3.20891935914132
"Wave_1890",-4.20129891277288
"Wave_1891",-4.89139597825314
"Wave_1892",-5.57402127214037
"Wave_1893",-7.59259005956586
"Wave_1894",-8.59118980171083
"Wave_1895",-7.94155923767232
"Wave_1896",-8.69386953648978
"Wave_1897",-10.6810036222944
"Wave_1898",-11.6346920876995
"Wave_1899",-12.2523284269153
"Wave_1900",-12.7087755759777
"Wave_1901",-13.9029229621853
"Wave_1902",-14.6145577208802
"Wave_1903",-15.6379285264871
"Wave_1904",-18.6693131508459
"Wave_1905",-19.6047555137553
"Wave_1906",-18.655343508692
"Wave_1907",-18.6359492537821
"Wave_1908",-18.7817327266819
"Wave_1909",-17.6751255150528
"Wave_1910",-17.4440841086126
"Wave_1911",-18.3701584423545
"Wave_1912",-17.4022354120242
"Wave_1913",-15.1535425234456
"Wave_1914",-14.0229548635514
"Wave_1915",-12.7786756208793
"Wave_1916",-10.9974249834374
"Wave_1917",-10.0339667940902
"Wave_1918",-8.20418735210416
"Wave_1919",-5.11077871709639
"Wave_1920",-1.29529128413688
"Wave_1921",0.654584667708689
"Wave_1922",1.69480782046842
"Wave_1923",3.12758149429942
"Wave_1924",3.57795910386183
"Wave_1925",4.61428782853164
"Wave_1926",5.84894340684538
"Wave_1927",7.43162764324287
"Wave_1928",9.7942477561402
"Wave_1929",11.1592335058753
"Wave_1930",12.0700262940354
"Wave_1931",13.5108672100444
"Wave_1932",14.3129048463765
"Wave_1933",14.3270448510646
"Wave_1934",14.3393030880982
"Wave_1935",14.4599678869331
"Wave_1936",14.2265610705509
"Wave_1937",13.1321151757034
"Wave_1938",12.5101249306485
"Wave_1939",11.9552001055937
"Wave_1940",11.5790753394376
"Wave_1941",11.7943737524456
"Wave_1942",11.5553059415294
"Wave_1943",10.4499310926126
"Wave_1944",8.66685427119385
"Wave_1945",7.63347694767278
"Wave_1946",5.76307204933979
"Wave_1947",4.8540219158631
"Wave_1948",5.39949969190532
"Wave_1949",4.89734113234548
"Wave_1950",3.55274532681056
"Wave_1951",3.04621837353073
"Wave_1952",2.93227046244574
"Wave_1953",2.5785657803328
"Wave_1954",2.31582157560653
"Wave_1955",2.39464097132052
"Wave_1956",2.42552970073815
"Wave_1957",2.63631210373879
"Wave_1958",2.11518520201938
"Wave_1959",1.11882211619815
"Wave_1960",0.78504100231415
"Wave_1961",-0.0803548132507665
"Wave_1962",-0.442986636028235
"Wave_1963",0.376936601500773
"Wave_1964",0.616976157595195
"Wave_1965",0.679808022305912
"Wave_1966",0.250996276650984
"Wave_1967",0.431314228804486
"Wave_1968",0.740242555158883
"Wave_1969",1.08797676966812
"Wave_1970",1.97859940177878
"Wave_1971",2.21220380450499
"Wave_1972",1.78685146958799
"Wave_1973",2.03614802164702
"Wave_1974",2.86331578034617
"Wave_1975",2.85878728749388
"Wave_1976",2.40679672032323
"Wave_1977",2.49216781805759
"Wave_1978",2.54668135962974
"Wave_1979",1.9749553064164
"Wave_1980",1.95829491320224
"Wave_1981",3.13197382708011
"Wave_1982",2.94733300066668
"Wave_1983",1.77230028078143
"Wave_1984",1.18855215679056
"Wave_1985",0.719842433804451
"Wave_1986",-0.243140928917983
"Wave_1987",-1.56654175969349
"Wave_1988",-2.44496764997213
"Wave_1989",-3.65470093152915
"Wave_1990",-4.77082327036047
"Wave_1991",-5.3176407136576
"Wave_1992",-4.83919577331378
"Wave_1993",-5.32927181393971
"Wave_1994",-5.85843843293534
"Wave_1995",-6.74021797728488
"Wave_1996",-9.06937145806564
"Wave_1997",-9.3826917621513
"Wave_1998",-8.13742096946828
"Wave_1999",-8.21624263674296
"Wave_2000",-7.75269225203498
"Wave_2001",-7.48738553073856
"Wave_2002",-8.13020523383073
"Wave_2003",-9.3621218384665
"Wave_2004",-9.57349769083437
"Wave_2005",-9.01542479132319
"Wave_2006",-8.60190253387309
"Wave_2007",-7.7513047593432
"Wave_2008",-7.55374167379817
"Wave_2009",-7.78980880669801
"Wave_2010",-7.16951828395004
"Wave_2011",-6.61722993284776
"Wave_2012",-5.99837699134383
"Wave_2013",-3.51507616570219
"Wave_2014",-2.8632636346975
"Wave_2015",-4.71874895654119
"Wave_2016",-5.21884675164969
"Wave_2017",-4.01526997677942
"Wave_2018",-1.29515229187796
"Wave_2019",-1.17682527442002
"Wave_2020",-0.77470417579576
"Wave_2021",0.0169612177974061
"Wave_2022",-1.18408710292909
"Wave_2023",-1.51771185061342
"Wave_2024",0.0290432674973684
"Wave_2025",1.04952515656309
"Wave_2026",0.776705135212956
"Wave_2027",0.976947667831329
"Wave_2028",2.24731980651202
"Wave_2029",3.57442029441014
"Wave_2030",3.86509276947413
"Wave_2031",3.18934305699764
"Wave_2032",2.98230008456782
"Wave_2033",2.04828232490121
"Wave_2034",2.37397203474315
"Wave_2035",3.67300512333499
"Wave_2036",4.10007888463795
"Wave_2037",4.91125965974354
"Wave_2038",5.47420191080249
"Wave_2039",5.5565192416429
"Wave_2040",5.31215405591777
"Wave_2041",4.8391468941403
"Wave_2042",4.51141970569843
"Wave_2043",3.89765589959547
"Wave_2044",3.70943251002841
"Wave_2045",3.96326158654968
"Wave_2046",5.39227789457716
"Wave_2047",5.77447203210421
"Wave_2048",6.2034140848303
"Wave_2049",6.00913513074934
"Wave_2050",4.5484306858166
"Wave_2051",4.43348978675976
"Wave_2052",4.96761472816191
"Wave_2053",4.87741877207987
"Wave_2054",5.61735529731245
"Wave_2055",5.47621797360122
"Wave_2056",4.38530814482943
"Wave_2057",3.34930959748943
"Wave_2058",2.48602155681115
"Wave_2059",1.62172412214701
"Wave_2060",1.3043871382909
"Wave_2061",1.34962574030284
"Wave_2062",0.776021842909184
"Wave_2063",0.12965676858568
"Wave_2064",-0.211596675008861
"Wave_2065",-0.360596623114549
"Wave_2066",-1.1673138376914
"Wave_2067",-2.02812459947946
"Wave_2068",-2.91578987809232
"Wave_2069",-4.58748500721175
"Wave_2070",-6.21160248242318
"Wave_2071",-6.87067215923586
"Wave_2072",-7.04168717353675
"Wave_2073",-7.56970369600799
"Wave_2074",-7.07859556674625
"Wave_2075",-7.33117485224375
"Wave_2076",-7.71404719871763
"Wave_2077",-8.3838893567718
"Wave_2078",-9.85908842796999
"Wave_2079",-10.3173204531639
"Wave_2080",-10.1815679405866
"Wave_2081",-10.1764010527462
"Wave_2082",-9.51398219264592
"Wave_2083",-9.28892887726806
"Wave_2084",-9.26592132047496
"Wave_2085",-9.84424239658871
"Wave_2086",-9.80300866847387
"Wave_2087",-9.43318519751806
"Wave_2088",-9.55645555936089
"Wave_2089",-10.3325154992851
"Wave_2090",-10.3615617754637
"Wave_2091",-10.6234025339172
"Wave_2092",-9.82869176219438
"Wave_2093",-7.47969093111772
"Wave_2094",-6.81056016261434
"Wave_2095",-6.94470130662936
"Wave_2096",-6.00604821488001
"Wave_2097",-5.12425782108083
"Wave_2098",-4.48794846001393
"Wave_2099",-3.46838506488653
"Wave_2100",-2.21295143953299
"Wave_2101",-1.81896133766266
"Wave_2102",-0.393447937484867
"Wave_2103",1.78269460662194
"Wave_2104",4.69769673168339
"Wave_2105",5.3248398621163
"Wave_2106",4.46268360082214
"Wave_2107",5.49737686313216
"Wave_2108",7.69299303824285
"Wave_2109",7.78430103964764
"Wave_2110",6.98327324450504
"Wave_2111",7.56950990590567
"Wave_2112",7.54216039042653
"Wave_2113",7.3602289119667
"Wave_2114",8.6320799322783
"Wave_2115",9.55844190018394
"Wave_2116",9.9527515834461
"Wave_2117",8.97590867044793
"Wave_2118",8.90856367204785
"Wave_2119",10.3755793450845
"Wave_2120",10.2341884443317
"Wave_2121",8.04878138191547
"Wave_2122",5.64445870980257
"Wave_2123",4.69998264831356
"Wave_2124",3.69583483938628
"Wave_2125",3.15519124435458
"Wave_2126",1.68999888857477
"Wave_2127",0.0414930060137507
"Wave_2128",-1.35352940417106
"Wave_2129",-3.39807500948555
"Wave_2130",-4.64177848682391
"Wave_2131",-4.72402479005375
"Wave_2132",-5.75523566000234
"Wave_2133",-7.56165261327608
"Wave_2134",-8.61944172081287
"Wave_2135",-10.0741932526007
"Wave_2136",-10.5687726950684
"Wave_2137",-9.6454335142083
"Wave_2138",-8.57803964578457
"Wave_2139",-7.96324086462474
"Wave_2140",-9.14842679985144
"Wave_2141",-9.19013983854412
"Wave_2142",-9.67393468820857
"Wave_2143",-9.91135870965649
"Wave_2144",-9.47313850216586
"Wave_2145",-8.9675542732501
"Wave_2146",-8.65413393976899
"Wave_2147",-8.61648531551733
"Wave_2148",-8.41375858971697
"Wave_2149",-7.97648668506236
"Wave_2150",-7.93820786147559
"Wave_2151",-7.68400412268188
"Wave_2152",-7.10779206104416
"Wave_2153",-5.95616367087296
"Wave_2154",-5.74290051118605
"Wave_2155",-6.42927695335845
"Wave_2156",-4.60337288302903
"Wave_2157",-2.00193828563927
"Wave_2158",-1.32539939512576
"Wave_2159",0.150954651160892
"Wave_2160",1.60152540690891
"Wave_2161",1.68094051403941
"Wave_2162",1.93989147788111
"Wave_2163",3.20272739377849
"Wave_2164",4.48299343418445
"Wave_2165",5.01142040761447
"Wave_2166",5.80313169303925
"Wave_2167",8.46156352769054
"Wave_2168",8.62274802427045
"Wave_2169",6.21914995509178
"Wave_2170",5.31056102574216
"Wave_2171",4.13899483917865
"Wave_2172",3.13920871054536
"Wave_2173",2.18518608475825
"Wave_2174",2.36790983794795
"Wave_2175",2.82818120299147
"Wave_2176",4.28365841641061
"Wave_2177",5.69066588908389
"Wave_2178",4.3673890079088
"Wave_2179",2.13801936351896
"Wave_2180",1.09501996903907
"Wave_2181",-0.559529752401984
"Wave_2182",-2.61211914464641
"Wave_2183",-3.32540976115132
"Wave_2184",-3.85373719928641
"Wave_2185",-4.27452385363634
"Wave_2186",-3.18031432342111
"Wave_2187",-3.09592791903835
"Wave_2188",-3.52194717486906
"Wave_2189",-4.10809873711802
"Wave_2190",-5.42773000266502
"Wave_2191",-5.78759609054152
"Wave_2192",-6.23602122778983
"Wave_2193",-6.25340480406039
"Wave_2194",-5.13890694449333
"Wave_2195",-3.90688006296551
"Wave_2196",-6.03903856607063
"Wave_2197",-7.59932795026067
"Wave_2198",-6.87988180867922
"Wave_2199",-6.66632356550593
"Wave_2200",-7.10019508264792
"Wave_2201",-5.69340005524
"Wave_2202",-5.14309657588652
"Wave_2203",-7.05905952333729
"Wave_2204",-7.66042783387615
"Wave_2205",-6.54721028109534
"Wave_2206",-5.6139080447398
"Wave_2207",-5.34278825638983
"Wave_2208",-5.22338316343696
"Wave_2209",-4.46137794374131
"Wave_2210",-3.1822686153631
"Wave_2211",-2.53488428645086
"Wave_2212",-1.71911288543334
"Wave_2213",0.914985062049994
"Wave_2214",2.22360136785618
"Wave_2215",1.45908619520504
"Wave_2216",2.42012136701392
"Wave_2217",4.78890295828411
"Wave_2218",5.70914760853389
"Wave_2219",7.46054301615907
"Wave_2220",10.4282603826149
"Wave_2221",12.1165092989651
"Wave_2222",14.4433470854044
"Wave_2223",17.1139424670317
"Wave_2224",17.2647359274031
"Wave_2225",17.8059070701894
"Wave_2226",20.2864251627802
"Wave_2227",21.8717060654031
"Wave_2228",23.3845597397614
"Wave_2229",24.4120573581793
"Wave_2230",25.5864473894903
"Wave_2231",25.6562032201628
"Wave_2232",24.4715476064019
"Wave_2233",24.415582518022
"Wave_2234",24.609198016499
"Wave_2235",23.9962363233936
"Wave_2236",23.809184271027
"Wave_2237",22.8715858565493
"Wave_2238",20.1939442551184
"Wave_2239",18.9080502805064
"Wave_2240",18.7753801574862
"Wave_2241",16.7919612680977
"Wave_2242",14.6311592668995
"Wave_2243",12.1816238460107
"Wave_2244",8.47484099482479
"Wave_2245",4.40257974952368
"Wave_2246",0.502157863533576
"Wave_2247",-3.06416469319597
"Wave_2248",-5.91878185325062
"Wave_2249",-8.72632373685442
"Wave_2250",-12.3653094167485
"Wave_2251",-15.0310526518649
"Wave_2252",-16.3076536884298
"Wave_2253",-17.2612492829434
"Wave_2254",-17.2203521447619
"Wave_2255",-17.9918031673246
"Wave_2256",-18.9672535772482
"Wave_2257",-23.0752649552377
"Wave_2258",-22.6266654765489
"Wave_2259",-18.8559079362838
"Wave_2260",-16.89797859802
"Wave_2261",-13.6573242358911
"Wave_2262",-11.7994616788509
"Wave_2263",-12.5971995009258
"Wave_2264",-9.72431490584345
"Wave_2265",-4.21715360709896
"Wave_2266",-0.993916488442258
"Wave_2267",4.09580365191557
"Wave_2268",6.97503778422043
"Wave_2269",6.80898725075185
"Wave_2270",7.52760831956014
"Wave_2271",7.1687019478462
"Wave_2272",8.12349759482897
"Wave_2273",10.778438748217
"Wave_2274",11.8012132968633
"Wave_2275",12.7883638168109
"Wave_2276",13.4227832011691
"Wave_2277",14.418006505015
"Wave_2278",11.7976542399543
"Wave_2279",11.2239947919555
"Wave_2280",11.8900000252824
"Wave_2281",7.68498964136969
"Wave_2282",5.69218892475612
"Wave_2283",5.71445714668508
"Wave_2284",2.4448882301387
"Wave_2285",-0.486627337703596
"Wave_2286",-2.80064987165825
"Wave_2287",-5.34259151499406
"Wave_2288",-8.23961525365234
"Wave_2289",-10.6435401732639
"Wave_2290",-10.6808671923114
"Wave_2291",-13.3403134537592
"Wave_2292",-17.9058944755585
"Wave_2293",-21.6830687795577
"Wave_2294",-26.5066667029816
"Wave_2295",-29.7058668851313
"Wave_2296",-32.1712165812904
"Wave_2297",-34.3716421112169
"Wave_2298",-36.5768916416206
"Wave_2299",-36.5620173727984
"Wave_2300",-34.7792937164775
"Wave_2301",-33.613384807281
"Wave_2302",-31.6066292981092
"Wave_2303",-28.239849162968
"Wave_2304",-24.3077612093248
"Wave_2305",-21.1829509499902
"Wave_2306",-16.8838020171158
"Wave_2307",-12.0546744262199
"Wave_2308",-7.10136063083662
"Wave_2309",-3.15652241222573
"Wave_2310",1.83221417460958
"Wave_2311",5.46622990652572
"Wave_2312",6.26662670069976
"Wave_2313",8.12220066736727
"Wave_2314",10.3809820043814
"Wave_2315",13.5546103568971
"Wave_2316",13.249250575639
"Wave_2317",10.9192816272915
"Wave_2318",12.2002723040616
"Wave_2319",13.9385323171547
"Wave_2320",12.2380078688543
"Wave_2321",12.514285280792
"Wave_2322",13.2568961607947
"Wave_2323",10.1065203356546
"Wave_2324",6.72201541377413
"Wave_2325",7.55277906771649
"Wave_2326",9.19412909707786
"Wave_2327",6.67401088962627
"Wave_2328",7.25525726363305
"Wave_2329",11.2564177620323
"Wave_2330",10.3749006826006
"Wave_2331",7.96429679646454
"Wave_2332",5.89107723757096
"Wave_2333",3.28426171912142
"Wave_2334",3.36756749055114
"Wave_2335",5.1029286004457
"Wave_2336",2.57845305999568
"Wave_2337",-0.00829879386417458
"Wave_2338",-1.29924180484573
"Wave_2339",-6.24181069950276
"Wave_2340",-8.24506502914876
"Wave_2341",-4.80250920492083
"Wave_2342",-6.51478362061604
"Wave_2343",-14.0113923247461
"Wave_2344",-14.4440961424185
"Wave_2345",-10.9538803057861
"Wave_2346",-10.560430775482
"Wave_2347",-8.94715217112055
"Wave_2348",-7.29354646752163
"Wave_2349",-8.98053927016447
"Wave_2350",-6.53373976097059
"Wave_2351",1.76143978575802
"Wave_2352",5.51656772858584
"Wave_2353",6.61521016107853
"Wave_2354",10.0353182656014
"Wave_2355",15.4061044027473
"Wave_2356",17.0220384788125
"Wave_2357",16.2543904928417
"Wave_2358",18.2130803066297
"Wave_2359",19.4051845574705
"Wave_2360",18.9003577823811
"Wave_2361",20.6930888979688
"Wave_2362",21.4774493168708
"Wave_2363",17.0140226000918
"Wave_2364",16.8012877693313
"Wave_2365",22.8393153745235
"Wave_2366",22.9533776084197
"Wave_2367",19.1721485022904
"Wave_2368",17.7028400945968
"Wave_2369",14.7767776571928
"Wave_2370",12.7159651209096
"Wave_2371",12.4629988190527
"Wave_2372",12.3956585618319
"Wave_2373",13.8230644789742
"Wave_2374",10.8814325728008
"Wave_2375",4.6988008907655
"Wave_2376",2.7915482087885
"Wave_2377",-0.840798008123767
"Wave_2378",-3.67628730484884
"Wave_2379",-1.44512949097386
"Wave_2380",-1.30974865833662
"Wave_2381",-4.70687703234112
"Wave_2382",-5.43381506700295
"Wave_2383",-6.88989950226163
"Wave_2384",-6.04182515710074
"Wave_2385",2.17820244727749
"Wave_2386",4.40732084524284
"Wave_2387",0.57164078395879
"Wave_2388",1.1722344761434
"Wave_2389",-0.742992061443124
"Wave_2390",-3.43705570548113
"Wave_2391",-2.47768080683507
"Wave_2392",-1.07685368276429
"Wave_2393",-0.563085344107644
"Wave_2394",-1.27013378536455
"Wave_2395",-1.24281009818083
"Wave_2396",3.0983331599253
"Wave_2397",7.95032613930577
"Wave_2398",5.11442718453745
"Wave_2399",0.306769641038044
"Wave_2400",1.42427262230747
