"","CELL_PERC_DW.13.comps"
"(Intercept)",25.9572117596472
"Wave_1200",-2.30269037505697
"Wave_1201",-1.93400044781057
"Wave_1202",-1.68427560878323
"Wave_1203",-1.04208212418773
"Wave_1204",-0.615856606746902
"Wave_1205",-0.361497509408937
"Wave_1206",-0.287757698556374
"Wave_1207",0.186110115707092
"Wave_1208",1.01224010170848
"Wave_1209",0.936405374252232
"Wave_1210",0.758394146794999
"Wave_1211",1.60990539799466
"Wave_1212",2.64025648204632
"Wave_1213",2.75079716694685
"Wave_1214",2.76327682952088
"Wave_1215",2.99240015530523
"Wave_1216",2.94432078095022
"Wave_1217",3.15509469477071
"Wave_1218",3.71921546700899
"Wave_1219",3.89201727709634
"Wave_1220",3.33140326567481
"Wave_1221",3.26787375626728
"Wave_1222",3.92231284702514
"Wave_1223",3.85208580698876
"Wave_1224",3.79517154561881
"Wave_1225",3.88157533915964
"Wave_1226",3.81009894792624
"Wave_1227",3.36980230861374
"Wave_1228",2.95969814540367
"Wave_1229",3.03294429719742
"Wave_1230",2.9072212687046
"Wave_1231",2.45102227452083
"Wave_1232",2.26733213744473
"Wave_1233",2.45769262993803
"Wave_1234",2.31020935675536
"Wave_1235",1.82549010819026
"Wave_1236",1.85035783072297
"Wave_1237",1.98967249854291
"Wave_1238",1.69395466108065
"Wave_1239",1.37725929890423
"Wave_1240",0.990709486426054
"Wave_1241",0.411885522879146
"Wave_1242",0.0365226981842752
"Wave_1243",-0.0640417845039363
"Wave_1244",0.355572196707686
"Wave_1245",0.550817020315547
"Wave_1246",0.938654445166646
"Wave_1247",0.642819621146395
"Wave_1248",0.365809394428474
"Wave_1249",0.0959030871764198
"Wave_1250",-0.118683121518867
"Wave_1251",0.068826638258518
"Wave_1252",0.148906654153335
"Wave_1253",-0.378493819755229
"Wave_1254",-0.853874691682215
"Wave_1255",-0.448225735502912
"Wave_1256",0.00341843468114758
"Wave_1257",0.0401087672454497
"Wave_1258",0.621738532122325
"Wave_1259",1.3528945227653
"Wave_1260",0.979785817176916
"Wave_1261",0.638648200126957
"Wave_1262",0.976391701928216
"Wave_1263",0.599385675619746
"Wave_1264",0.0244798874931041
"Wave_1265",0.126272475970941
"Wave_1266",0.3352730573558
"Wave_1267",0.580809164900977
"Wave_1268",0.347002911594186
"Wave_1269",0.0323865672941165
"Wave_1270",0.252960932827641
"Wave_1271",0.502612051620746
"Wave_1272",0.378287788785416
"Wave_1273",0.642482250536959
"Wave_1274",0.628385584132705
"Wave_1275",-0.0978446225410571
"Wave_1276",-0.670148348438137
"Wave_1277",-0.61487890638609
"Wave_1278",0.0799413738974155
"Wave_1279",0.130897999002595
"Wave_1280",-0.708928133782307
"Wave_1281",-1.36654191359099
"Wave_1282",-1.99834997964988
"Wave_1283",-2.59455765790937
"Wave_1284",-2.58475386944277
"Wave_1285",-2.41058601757495
"Wave_1286",-2.65911938832571
"Wave_1287",-3.18501825326599
"Wave_1288",-3.34902820555399
"Wave_1289",-3.25394224976008
"Wave_1290",-3.084874319472
"Wave_1291",-3.78837710768203
"Wave_1292",-4.37658986776847
"Wave_1293",-4.14498975748247
"Wave_1294",-4.44590876163228
"Wave_1295",-4.73687609464442
"Wave_1296",-4.14165384385587
"Wave_1297",-4.0912817554854
"Wave_1298",-4.48260637486662
"Wave_1299",-4.54695797078503
"Wave_1300",-4.59878863864002
"Wave_1301",-4.66432573104703
"Wave_1302",-5.12833211570305
"Wave_1303",-5.27583006104286
"Wave_1304",-5.04773067860119
"Wave_1305",-5.74544201114498
"Wave_1306",-6.32862168114445
"Wave_1307",-5.97709800868029
"Wave_1308",-5.74344658992511
"Wave_1309",-5.89143474434762
"Wave_1310",-6.20237002410878
"Wave_1311",-6.17922721143337
"Wave_1312",-6.28450971547944
"Wave_1313",-6.42912580869216
"Wave_1314",-6.35442259402542
"Wave_1315",-6.01740172229487
"Wave_1316",-5.90711532298784
"Wave_1317",-6.47363688327112
"Wave_1318",-6.64354181363351
"Wave_1319",-6.1175380851899
"Wave_1320",-6.04848036407292
"Wave_1321",-6.4888033771296
"Wave_1322",-6.53197275031416
"Wave_1323",-6.48886359216208
"Wave_1324",-6.67702678043392
"Wave_1325",-6.39773562096615
"Wave_1326",-5.97345130128407
"Wave_1327",-6.38879127348394
"Wave_1328",-6.95065118940444
"Wave_1329",-6.78754077137612
"Wave_1330",-6.30521467123124
"Wave_1331",-5.93660972292609
"Wave_1332",-6.01825667805531
"Wave_1333",-5.91061883396088
"Wave_1334",-5.29475006248572
"Wave_1335",-4.85782754993538
"Wave_1336",-4.34664000666869
"Wave_1337",-3.24109086054716
"Wave_1338",-2.3694217809453
"Wave_1339",-1.80716066602522
"Wave_1340",-1.28960845156349
"Wave_1341",-0.557140822336912
"Wave_1342",-0.044036363170907
"Wave_1343",0.280609041241084
"Wave_1344",0.818701495064626
"Wave_1345",1.68934685255118
"Wave_1346",2.61331637994091
"Wave_1347",3.09631271911316
"Wave_1348",3.95176685801907
"Wave_1349",5.2673731819049
"Wave_1350",6.05275413636634
"Wave_1351",6.6153016330168
"Wave_1352",7.22898366634224
"Wave_1353",7.61256219716109
"Wave_1354",7.98874724937237
"Wave_1355",8.63909942051538
"Wave_1356",9.12602782550238
"Wave_1357",9.32223889872801
"Wave_1358",9.83344980183857
"Wave_1359",10.7973242832077
"Wave_1360",11.689916195357
"Wave_1361",12.3335164885328
"Wave_1362",13.0256994266802
"Wave_1363",13.6471242979511
"Wave_1364",13.9655456337476
"Wave_1365",14.2587983640649
"Wave_1366",14.5990881990647
"Wave_1367",14.9776942356747
"Wave_1368",15.286207640019
"Wave_1369",15.3564646049722
"Wave_1370",15.5113563873818
"Wave_1371",15.7457427784853
"Wave_1372",15.4867759106515
"Wave_1373",15.2405179694285
"Wave_1374",15.3418603340448
"Wave_1375",15.0373158121066
"Wave_1376",14.5301341911262
"Wave_1377",14.2766413474248
"Wave_1378",14.104027521398
"Wave_1379",14.0178775571481
"Wave_1380",13.831702453899
"Wave_1381",13.6308318281439
"Wave_1382",13.514813681054
"Wave_1383",12.9121636768923
"Wave_1384",12.017474272133
"Wave_1385",11.3733796117327
"Wave_1386",10.8510644080165
"Wave_1387",10.3148360088046
"Wave_1388",9.39963486925671
"Wave_1389",8.65359784189866
"Wave_1390",7.90223322815778
"Wave_1391",6.57256626040569
"Wave_1392",5.46759613180484
"Wave_1393",5.0130324775615
"Wave_1394",4.14118953757842
"Wave_1395",2.77968122832462
"Wave_1396",1.68462741272758
"Wave_1397",0.599281830797707
"Wave_1398",-0.504436928252298
"Wave_1399",-1.78400498279886
"Wave_1400",-2.4519092255832
"Wave_1401",-3.47469714733933
"Wave_1402",-4.62474912874191
"Wave_1403",-5.44060493549676
"Wave_1404",-5.94105827058227
"Wave_1405",-6.09089703804908
"Wave_1406",-6.62046652539199
"Wave_1407",-7.37825148280835
"Wave_1408",-7.77902983251127
"Wave_1409",-8.29160801756963
"Wave_1410",-8.62293489549046
"Wave_1411",-8.75944469106908
"Wave_1412",-9.40286225103271
"Wave_1413",-9.95355911531341
"Wave_1414",-9.91984763162397
"Wave_1415",-9.46313292705121
"Wave_1416",-9.19504709353846
"Wave_1417",-9.28255998401166
"Wave_1418",-9.01852024178935
"Wave_1419",-8.65934636259203
"Wave_1420",-8.63581753330914
"Wave_1421",-8.61853765518291
"Wave_1422",-8.01433808178998
"Wave_1423",-7.36790777017586
"Wave_1424",-6.74618742483406
"Wave_1425",-6.31461228476012
"Wave_1426",-5.625420449323
"Wave_1427",-4.97312232611478
"Wave_1428",-4.70971451207657
"Wave_1429",-4.23223239633179
"Wave_1430",-3.13006399386541
"Wave_1431",-2.53196807785603
"Wave_1432",-2.54407241771631
"Wave_1433",-2.20532490640965
"Wave_1434",-1.54599915893494
"Wave_1435",-1.48606126539482
"Wave_1436",-1.54974300214386
"Wave_1437",-1.42791262964715
"Wave_1438",-1.37688907001456
"Wave_1439",-1.54428250085271
"Wave_1440",-2.17023869300985
"Wave_1441",-2.62683572390625
"Wave_1442",-2.83266939417949
"Wave_1443",-3.47095600423307
"Wave_1444",-4.34365200943807
"Wave_1445",-4.62481432084162
"Wave_1446",-4.84913856364839
"Wave_1447",-5.73768109639278
"Wave_1448",-6.20074242044028
"Wave_1449",-6.40351059614617
"Wave_1450",-7.17711143272772
"Wave_1451",-7.42684432348327
"Wave_1452",-7.39476756502647
"Wave_1453",-7.7698398942692
"Wave_1454",-7.99441576211155
"Wave_1455",-8.51726573736867
"Wave_1456",-9.22157854277653
"Wave_1457",-9.31328131408776
"Wave_1458",-9.29800837052838
"Wave_1459",-9.50468570965841
"Wave_1460",-9.60722798168456
"Wave_1461",-9.4532365043712
"Wave_1462",-9.27884088656156
"Wave_1463",-9.116609775334
"Wave_1464",-8.83203413217529
"Wave_1465",-8.16443830707785
"Wave_1466",-7.98171103918474
"Wave_1467",-8.14825208740197
"Wave_1468",-7.86873629233763
"Wave_1469",-7.53514982083355
"Wave_1470",-7.24616694659617
"Wave_1471",-6.85721507835611
"Wave_1472",-6.3790331414081
"Wave_1473",-5.7593518700414
"Wave_1474",-5.52891499110661
"Wave_1475",-5.3694962607115
"Wave_1476",-4.92829081220182
"Wave_1477",-4.52084018274389
"Wave_1478",-4.47873016451788
"Wave_1479",-4.12459303575877
"Wave_1480",-3.70867794935832
"Wave_1481",-2.91154117530672
"Wave_1482",-2.06894011280309
"Wave_1483",-1.41584067870254
"Wave_1484",-0.374168898326723
"Wave_1485",0.416341998473814
"Wave_1486",0.895492082880518
"Wave_1487",1.65306063879479
"Wave_1488",2.60348664420875
"Wave_1489",3.51183608768899
"Wave_1490",4.39175649612997
"Wave_1491",5.58262976856519
"Wave_1492",6.50378343069901
"Wave_1493",6.99051219781377
"Wave_1494",7.51915997434684
"Wave_1495",8.13342414655555
"Wave_1496",8.79486997870999
"Wave_1497",9.4528449927727
"Wave_1498",10.3286889977089
"Wave_1499",11.0431043526733
"Wave_1500",11.5926593886811
"Wave_1501",12.3175185416759
"Wave_1502",12.5890350285991
"Wave_1503",12.6692640252852
"Wave_1504",13.2512109075522
"Wave_1505",13.765337541153
"Wave_1506",13.8092030203266
"Wave_1507",14.1227562779555
"Wave_1508",14.836332501073
"Wave_1509",14.8511619155816
"Wave_1510",14.5308681967908
"Wave_1511",14.5876504161527
"Wave_1512",14.5885550417046
"Wave_1513",14.7777202447015
"Wave_1514",14.9298441449157
"Wave_1515",14.7071603765549
"Wave_1516",13.8809723982791
"Wave_1517",13.5749413420891
"Wave_1518",13.4457845698939
"Wave_1519",13.1242151854051
"Wave_1520",12.8227716959697
"Wave_1521",12.6371718025857
"Wave_1522",12.4621560874475
"Wave_1523",11.9426068113666
"Wave_1524",11.3387332912944
"Wave_1525",11.0692947298797
"Wave_1526",10.7162635821673
"Wave_1527",10.0577910672558
"Wave_1528",9.62727499383688
"Wave_1529",9.17073649755965
"Wave_1530",8.17756298120697
"Wave_1531",7.48135195578142
"Wave_1532",7.02226203469008
"Wave_1533",6.70694722158799
"Wave_1534",6.75752851416035
"Wave_1535",6.13615338862922
"Wave_1536",5.16633875940185
"Wave_1537",4.84256686295505
"Wave_1538",4.4504258193472
"Wave_1539",3.55223376770972
"Wave_1540",3.06758631983367
"Wave_1541",3.18931594705145
"Wave_1542",3.00004892205708
"Wave_1543",2.25436176236508
"Wave_1544",2.03648802786015
"Wave_1545",1.6814568687291
"Wave_1546",0.717967407517772
"Wave_1547",0.594267154284611
"Wave_1548",1.02643644982587
"Wave_1549",1.01342885783275
"Wave_1550",0.870113811454639
"Wave_1551",0.812652866414209
"Wave_1552",0.651633793564841
"Wave_1553",0.292409954756423
"Wave_1554",0.0214179676788842
"Wave_1555",0.0161535224523348
"Wave_1556",-0.13837229243074
"Wave_1557",-0.463813858361759
"Wave_1558",-0.829612196808541
"Wave_1559",-1.21100106874779
"Wave_1560",-1.31808429701436
"Wave_1561",-1.30935153253811
"Wave_1562",-1.37715201567758
"Wave_1563",-1.53987587865485
"Wave_1564",-1.73626804594712
"Wave_1565",-1.89992482065812
"Wave_1566",-1.9775232971788
"Wave_1567",-1.88093819641335
"Wave_1568",-1.83852431546089
"Wave_1569",-1.97559062311956
"Wave_1570",-2.22359621213766
"Wave_1571",-2.13795825476458
"Wave_1572",-2.31538695361751
"Wave_1573",-2.74790845866123
"Wave_1574",-2.11188329499736
"Wave_1575",-1.74238256430048
"Wave_1576",-2.4792697004454
"Wave_1577",-3.03337755161941
"Wave_1578",-3.3590827837934
"Wave_1579",-3.7394795637779
"Wave_1580",-3.82335040769412
"Wave_1581",-3.6320421597418
"Wave_1582",-3.94812540831395
"Wave_1583",-4.24450950823786
"Wave_1584",-3.87339167321308
"Wave_1585",-4.03812561125754
"Wave_1586",-4.46227103942853
"Wave_1587",-4.36135520097004
"Wave_1588",-4.33636847813829
"Wave_1589",-4.4578677361385
"Wave_1590",-4.48469168063376
"Wave_1591",-4.68591392280909
"Wave_1592",-5.33119485590608
"Wave_1593",-5.83676536850139
"Wave_1594",-5.49935639694124
"Wave_1595",-5.47486817994866
"Wave_1596",-5.97801771134548
"Wave_1597",-5.82373118032939
"Wave_1598",-5.73495637417238
"Wave_1599",-5.66345102853331
"Wave_1600",-5.59669704911871
"Wave_1601",-6.10467701751931
"Wave_1602",-6.4336120056217
"Wave_1603",-6.99528072906568
"Wave_1604",-7.62673392872773
"Wave_1605",-7.12413879213741
"Wave_1606",-6.59965419410009
"Wave_1607",-6.98139206158116
"Wave_1608",-7.05105576447091
"Wave_1609",-6.7181151040364
"Wave_1610",-6.93081754288511
"Wave_1611",-7.29669514402315
"Wave_1612",-7.20868538108436
"Wave_1613",-7.27372476472499
"Wave_1614",-7.45690887412043
"Wave_1615",-7.29986939819354
"Wave_1616",-7.54788171886449
"Wave_1617",-8.11841447426638
"Wave_1618",-8.51180906738129
"Wave_1619",-8.80576350874746
"Wave_1620",-8.87861210116932
"Wave_1621",-8.96337921270828
"Wave_1622",-9.45831938599343
"Wave_1623",-10.0217421536754
"Wave_1624",-10.3298838615557
"Wave_1625",-11.0878603988286
"Wave_1626",-11.9818240123208
"Wave_1627",-12.3651329950549
"Wave_1628",-12.6987730195981
"Wave_1629",-12.7598935128793
"Wave_1630",-12.695400094324
"Wave_1631",-13.245812369167
"Wave_1632",-13.874453926363
"Wave_1633",-13.945245059726
"Wave_1634",-13.4452459891917
"Wave_1635",-12.8126678328543
"Wave_1636",-12.6819435975892
"Wave_1637",-12.6858923416794
"Wave_1638",-12.6489590110661
"Wave_1639",-12.5569942611314
"Wave_1640",-11.9350978960307
"Wave_1641",-11.287277207777
"Wave_1642",-11.123752731985
"Wave_1643",-10.8409888798989
"Wave_1644",-10.5758355019764
"Wave_1645",-10.1751394370474
"Wave_1646",-9.29646488279036
"Wave_1647",-8.94497825251617
"Wave_1648",-9.03329795625945
"Wave_1649",-9.20627143260723
"Wave_1650",-9.29707121181067
"Wave_1651",-8.9791414604807
"Wave_1652",-8.71764302387013
"Wave_1653",-8.74822968609215
"Wave_1654",-8.74949414273199
"Wave_1655",-8.90069262389269
"Wave_1656",-8.72160580116982
"Wave_1657",-7.50099007626122
"Wave_1658",-6.8465066313166
"Wave_1659",-6.63981451663587
"Wave_1660",-6.10298432256981
"Wave_1661",-6.05395236393921
"Wave_1662",-5.72596648160882
"Wave_1663",-5.11955639671068
"Wave_1664",-4.99070787092189
"Wave_1665",-5.07282305539106
"Wave_1666",-5.21251882287829
"Wave_1667",-5.48929782869765
"Wave_1668",-5.37114153026258
"Wave_1669",-5.14819264691127
"Wave_1670",-5.27232775263344
"Wave_1671",-5.08247037922215
"Wave_1672",-5.07382864151575
"Wave_1673",-4.99391257117198
"Wave_1674",-4.17346989697674
"Wave_1675",-3.71032344769584
"Wave_1676",-3.49565427725675
"Wave_1677",-2.75853217591278
"Wave_1678",-2.33657690049243
"Wave_1679",-2.13922304818689
"Wave_1680",-2.05987085194857
"Wave_1681",-2.34337213543669
"Wave_1682",-2.01444815075538
"Wave_1683",-1.50483038074874
"Wave_1684",-1.53701452995459
"Wave_1685",-1.65201836736983
"Wave_1686",-1.65579852880324
"Wave_1687",-2.14671366348344
"Wave_1688",-2.69430568146023
"Wave_1689",-2.37670559250765
"Wave_1690",-2.45261543514762
"Wave_1691",-2.85381616376464
"Wave_1692",-2.35966344554313
"Wave_1693",-1.86563552571234
"Wave_1694",-1.74848408744323
"Wave_1695",-1.57946645627284
"Wave_1696",-1.29769082702537
"Wave_1697",-1.13907412743969
"Wave_1698",-1.02541486147355
"Wave_1699",-1.36469594800423
"Wave_1700",-1.14569622031305
"Wave_1701",-0.290661318088097
"Wave_1702",-0.0340635035828386
"Wave_1703",0.165578563003218
"Wave_1704",-0.0263523490835749
"Wave_1705",0.0991448835989277
"Wave_1706",0.158207637231312
"Wave_1707",0.0425856891740746
"Wave_1708",0.256679849785084
"Wave_1709",0.446825330293416
"Wave_1710",0.578510637082415
"Wave_1711",0.649842149129137
"Wave_1712",1.11860726890757
"Wave_1713",1.90952386640917
"Wave_1714",2.74695396267057
"Wave_1715",4.0587937866792
"Wave_1716",5.46570795602385
"Wave_1717",6.07936210576414
"Wave_1718",6.95524419044199
"Wave_1719",8.56430250936472
"Wave_1720",9.34337020920774
"Wave_1721",9.55916455881551
"Wave_1722",10.06064489717
"Wave_1723",10.3984872721093
"Wave_1724",10.5564697179105
"Wave_1725",10.9873397002971
"Wave_1726",10.3173214691181
"Wave_1727",8.6078240432854
"Wave_1728",7.74933278759111
"Wave_1729",7.28414670572674
"Wave_1730",6.77125911998639
"Wave_1731",6.41637007648907
"Wave_1732",5.90265407573176
"Wave_1733",5.26199593378971
"Wave_1734",4.94460644422758
"Wave_1735",4.9418902723835
"Wave_1736",4.6991358037105
"Wave_1737",4.46543518273772
"Wave_1738",5.06700099876914
"Wave_1739",6.19303124930517
"Wave_1740",6.77618620632899
"Wave_1741",7.02601235709106
"Wave_1742",7.43647437922619
"Wave_1743",7.19062751308539
"Wave_1744",7.49110257362903
"Wave_1745",7.42248594625939
"Wave_1746",6.28974836694982
"Wave_1747",6.19314351145347
"Wave_1748",6.79735408155878
"Wave_1749",6.60025483647618
"Wave_1750",6.67867579035125
"Wave_1751",6.52708831127487
"Wave_1752",5.54745709019844
"Wave_1753",4.79216841048224
"Wave_1754",4.53751688558976
"Wave_1755",3.47944164525071
"Wave_1756",1.50749586195119
"Wave_1757",0.576570263484606
"Wave_1758",0.0326489799153075
"Wave_1759",-1.51901610348435
"Wave_1760",-2.33221238542386
"Wave_1761",-3.74248328872838
"Wave_1762",-5.40037808885603
"Wave_1763",-6.65163910577079
"Wave_1764",-8.60252674829277
"Wave_1765",-10.1643293006707
"Wave_1766",-11.0421603980093
"Wave_1767",-12.3891718984002
"Wave_1768",-13.008462334108
"Wave_1769",-13.217040685409
"Wave_1770",-14.7532753840582
"Wave_1771",-15.9027836016121
"Wave_1772",-16.6826464377031
"Wave_1773",-18.631370288759
"Wave_1774",-20.3685818652802
"Wave_1775",-21.3782266705949
"Wave_1776",-22.2771148854484
"Wave_1777",-22.9781064299689
"Wave_1778",-23.2920742285971
"Wave_1779",-22.943615197918
"Wave_1780",-22.9180380160286
"Wave_1781",-22.6673757272555
"Wave_1782",-22.3659084767723
"Wave_1783",-22.6072436028313
"Wave_1784",-22.4006112492045
"Wave_1785",-21.5234390785496
"Wave_1786",-20.6545281055782
"Wave_1787",-19.5264298266633
"Wave_1788",-18.692839804795
"Wave_1789",-17.9109139796544
"Wave_1790",-17.3004594899363
"Wave_1791",-17.1760071831505
"Wave_1792",-16.5502300173067
"Wave_1793",-15.5017918917951
"Wave_1794",-14.8158756675949
"Wave_1795",-14.0744465085879
"Wave_1796",-13.5506453594002
"Wave_1797",-13.4129315071895
"Wave_1798",-13.4067147335982
"Wave_1799",-13.361802685279
"Wave_1800",-13.0027004560688
"Wave_1801",-11.041341725667
"Wave_1802",-7.40978195876782
"Wave_1803",-5.77941468559711
"Wave_1804",-5.72928381370627
"Wave_1805",-4.40649608219568
"Wave_1806",-2.73726957668712
"Wave_1807",-1.37754273070928
"Wave_1808",1.02270812135242
"Wave_1809",3.33657771472262
"Wave_1810",5.94660257064227
"Wave_1811",7.43173144304766
"Wave_1812",7.44131855538197
"Wave_1813",8.01214878546256
"Wave_1814",8.43987655254418
"Wave_1815",8.23145267618266
"Wave_1816",8.42897043558098
"Wave_1817",9.55023388570823
"Wave_1818",10.4812010955943
"Wave_1819",10.8210478910878
"Wave_1820",10.8196606190656
"Wave_1821",11.7884899121234
"Wave_1822",12.5529557753778
"Wave_1823",12.6152608032223
"Wave_1824",12.6038235009904
"Wave_1825",13.016022713375
"Wave_1826",13.345817827166
"Wave_1827",14.1961753683324
"Wave_1828",15.608827179696
"Wave_1829",15.7438475578242
"Wave_1830",15.3843324353312
"Wave_1831",15.3579522249448
"Wave_1832",15.788510807404
"Wave_1833",18.1525387783287
"Wave_1834",18.9135133646709
"Wave_1835",19.2160665777351
"Wave_1836",18.5189092178264
"Wave_1837",17.878774503368
"Wave_1838",17.1761345415834
"Wave_1839",18.4811318626893
"Wave_1840",20.3050748869228
"Wave_1841",20.1051845594051
"Wave_1842",18.6611893041863
"Wave_1843",18.1141702512553
"Wave_1844",16.7299281023121
"Wave_1845",14.8873269155217
"Wave_1846",15.4866271936923
"Wave_1847",17.0715944042855
"Wave_1848",16.6297041653498
"Wave_1849",16.7966633860277
"Wave_1850",16.9163794638946
"Wave_1851",16.4633381830814
"Wave_1852",16.1543881210224
"Wave_1853",16.4034456915163
"Wave_1854",15.9633625391313
"Wave_1855",14.4171725415216
"Wave_1856",14.2480855476761
"Wave_1857",14.3107055401965
"Wave_1858",14.1935019872542
"Wave_1859",14.6091887673995
"Wave_1860",14.9155002003857
"Wave_1861",14.7181857753738
"Wave_1862",14.1595386881214
"Wave_1863",13.5586288698946
"Wave_1864",12.6240891802701
"Wave_1865",11.4397780803082
"Wave_1866",11.0285229180125
"Wave_1867",10.395499944817
"Wave_1868",9.87293030359993
"Wave_1869",10.3076850768407
"Wave_1870",9.69267856594695
"Wave_1871",8.5539908851496
"Wave_1872",7.12668112560861
"Wave_1873",4.22586811309923
"Wave_1874",3.21899298933185
"Wave_1875",2.93830285197729
"Wave_1876",2.9834756289712
"Wave_1877",2.41440816055845
"Wave_1878",1.77096486299344
"Wave_1879",1.27586608727045
"Wave_1880",-0.355683481672959
"Wave_1881",-1.56478451654041
"Wave_1882",-1.84674565849665
"Wave_1883",-2.42334684900618
"Wave_1884",-4.39740288683199
"Wave_1885",-5.1931619581633
"Wave_1886",-4.66128168454285
"Wave_1887",-4.06775126116829
"Wave_1888",-5.45475344362222
"Wave_1889",-6.40776939103887
"Wave_1890",-7.29507596728686
"Wave_1891",-8.90863181759816
"Wave_1892",-10.1026308444041
"Wave_1893",-10.9817578710012
"Wave_1894",-11.478544625966
"Wave_1895",-11.3638849162256
"Wave_1896",-11.895966126431
"Wave_1897",-12.6203520755278
"Wave_1898",-13.3005313077307
"Wave_1899",-12.8412454957648
"Wave_1900",-12.5905390022693
"Wave_1901",-11.4949986401421
"Wave_1902",-8.2634439974028
"Wave_1903",-6.20425782041683
"Wave_1904",-4.71086318238553
"Wave_1905",-3.07057072305894
"Wave_1906",-1.02165684517698
"Wave_1907",0.688022271776049
"Wave_1908",1.67802712884156
"Wave_1909",3.2412148398816
"Wave_1910",5.56749313921544
"Wave_1911",8.48486769328117
"Wave_1912",10.6566293721559
"Wave_1913",13.5702927676634
"Wave_1914",15.9610140431923
"Wave_1915",17.4550586243088
"Wave_1916",19.0921776682855
"Wave_1917",21.7935571169786
"Wave_1918",22.8979562332261
"Wave_1919",22.0417410507259
"Wave_1920",22.2497321405208
"Wave_1921",22.7354486318569
"Wave_1922",23.1607589350177
"Wave_1923",22.8889642865457
"Wave_1924",23.0778219850987
"Wave_1925",22.9189756640007
"Wave_1926",21.9555243349612
"Wave_1927",20.6955139932562
"Wave_1928",19.5069642200615
"Wave_1929",18.2578565117006
"Wave_1930",16.2142541586352
"Wave_1931",14.3430433849902
"Wave_1932",12.3160029549056
"Wave_1933",10.6348715923699
"Wave_1934",8.79249471157228
"Wave_1935",6.35359896840421
"Wave_1936",4.39791627624039
"Wave_1937",2.46311890556473
"Wave_1938",1.13594705230828
"Wave_1939",0.792301809305207
"Wave_1940",-0.456295883144977
"Wave_1941",-2.14373734528448
"Wave_1942",-3.00688391071539
"Wave_1943",-3.96407113881174
"Wave_1944",-5.40820964933697
"Wave_1945",-6.85188787821599
"Wave_1946",-7.97873809502336
"Wave_1947",-8.76054968963267
"Wave_1948",-9.66326082299598
"Wave_1949",-10.7179714993585
"Wave_1950",-11.4769917062822
"Wave_1951",-11.9787973083667
"Wave_1952",-12.5803679188065
"Wave_1953",-13.4241633116103
"Wave_1954",-14.1743956954315
"Wave_1955",-14.3571081585979
"Wave_1956",-14.7628153999326
"Wave_1957",-16.4446903445008
"Wave_1958",-16.0008977860169
"Wave_1959",-13.1391913760879
"Wave_1960",-12.6378864823944
"Wave_1961",-12.8616358771045
"Wave_1962",-12.238453652431
"Wave_1963",-12.1183746411258
"Wave_1964",-12.2719754422179
"Wave_1965",-12.2882733670476
"Wave_1966",-11.0951973766341
"Wave_1967",-11.0045231892773
"Wave_1968",-12.5319426230682
"Wave_1969",-12.3656846836857
"Wave_1970",-11.1096638987211
"Wave_1971",-10.4506988070717
"Wave_1972",-9.25176629407117
"Wave_1973",-8.80827579142594
"Wave_1974",-9.55605161285676
"Wave_1975",-9.10440459222441
"Wave_1976",-8.25430550060737
"Wave_1977",-7.54999358907575
"Wave_1978",-6.58632557245415
"Wave_1979",-4.29982280096532
"Wave_1980",-3.78226998002918
"Wave_1981",-4.57819419710164
"Wave_1982",-4.34076408968534
"Wave_1983",-4.30631907136712
"Wave_1984",-4.0434098135544
"Wave_1985",-3.32757499842459
"Wave_1986",-2.53235632084784
"Wave_1987",-0.997893268228205
"Wave_1988",-0.736235084451975
"Wave_1989",-1.61540073449238
"Wave_1990",-1.59721098486384
"Wave_1991",-1.15770235002226
"Wave_1992",-0.921394500892533
"Wave_1993",-1.01012756296232
"Wave_1994",-0.420782239893346
"Wave_1995",0.0867150041285167
"Wave_1996",-0.0292862991083986
"Wave_1997",-0.251122718054462
"Wave_1998",-0.237663757495879
"Wave_1999",0.225941201531417
"Wave_2000",0.742444334189208
"Wave_2001",0.564918825622162
"Wave_2002",0.0195790149855211
"Wave_2003",0.707452862980681
"Wave_2004",1.04977943456749
"Wave_2005",0.523246984216131
"Wave_2006",0.532474822998781
"Wave_2007",1.7127956371986
"Wave_2008",1.99253089237003
"Wave_2009",1.43036599557757
"Wave_2010",1.22937382771652
"Wave_2011",1.57780992137355
"Wave_2012",1.23488721998903
"Wave_2013",-0.695548090459026
"Wave_2014",-0.900575745024461
"Wave_2015",-0.126660814458811
"Wave_2016",0.49582977478983
"Wave_2017",0.776924234491599
"Wave_2018",2.02138829648246
"Wave_2019",2.50235627899841
"Wave_2020",1.72494077127842
"Wave_2021",1.79592803596767
"Wave_2022",2.35841124375822
"Wave_2023",2.91533789999154
"Wave_2024",3.61450118618407
"Wave_2025",4.22481637327447
"Wave_2026",5.59311051357877
"Wave_2027",6.01536625884283
"Wave_2028",5.78988375534545
"Wave_2029",5.1191139608695
"Wave_2030",4.94567383900101
"Wave_2031",4.31962431643175
"Wave_2032",4.16014284097293
"Wave_2033",4.86519072895221
"Wave_2034",4.74360721605952
"Wave_2035",3.62907799763526
"Wave_2036",3.74497415913261
"Wave_2037",4.36996128308916
"Wave_2038",4.79950051923669
"Wave_2039",5.99381131650614
"Wave_2040",6.76491329218644
"Wave_2041",7.5270789950487
"Wave_2042",7.61657068935484
"Wave_2043",7.4094458486778
"Wave_2044",7.34081399204087
"Wave_2045",7.1298603759537
"Wave_2046",6.22184538236971
"Wave_2047",6.34856911737109
"Wave_2048",7.33566836528505
"Wave_2049",7.50154673315811
"Wave_2050",7.73123586901023
"Wave_2051",7.85129743790706
"Wave_2052",7.91017816987098
"Wave_2053",7.27297667519049
"Wave_2054",5.98874159493227
"Wave_2055",5.22074923632139
"Wave_2056",4.75873625379809
"Wave_2057",3.4224716991905
"Wave_2058",3.52654136913803
"Wave_2059",5.72753392093114
"Wave_2060",5.58089792532872
"Wave_2061",4.07700612388761
"Wave_2062",4.27167187251787
"Wave_2063",5.38039922291888
"Wave_2064",4.66336120073171
"Wave_2065",3.42974342107594
"Wave_2066",3.17758497867736
"Wave_2067",1.86939227467147
"Wave_2068",0.537869863682976
"Wave_2069",-0.622921688770692
"Wave_2070",0.409580523147295
"Wave_2071",-0.0812349603858817
"Wave_2072",-0.577973019541375
"Wave_2073",-0.817583826456552
"Wave_2074",-1.10298037915594
"Wave_2075",-1.0640998973091
"Wave_2076",-1.56071671480976
"Wave_2077",-2.00961439721403
"Wave_2078",-1.60480557330615
"Wave_2079",-1.69459844522183
"Wave_2080",-3.28011023622488
"Wave_2081",-3.41430700665663
"Wave_2082",-1.23342280328382
"Wave_2083",-1.47330600706473
"Wave_2084",-3.50459874935185
"Wave_2085",-4.25225932495387
"Wave_2086",-3.7659837457783
"Wave_2087",-3.63796135145827
"Wave_2088",-3.35704468255742
"Wave_2089",-2.15580795820496
"Wave_2090",-1.59280782766368
"Wave_2091",-2.79060512716831
"Wave_2092",-2.95210430484745
"Wave_2093",-1.933195332561
"Wave_2094",-1.39123027460176
"Wave_2095",-1.04105359470298
"Wave_2096",-1.28033146426478
"Wave_2097",-1.57570623455054
"Wave_2098",-1.77228674957684
"Wave_2099",-3.02053755839335
"Wave_2100",-3.71021096933556
"Wave_2101",-3.82399926303329
"Wave_2102",-3.88269070436197
"Wave_2103",-4.00573369340604
"Wave_2104",-3.11316628666325
"Wave_2105",-2.07177559492648
"Wave_2106",-1.56979096084543
"Wave_2107",-1.81391080172375
"Wave_2108",-3.82224299968966
"Wave_2109",-3.66012816720776
"Wave_2110",-2.66109640294948
"Wave_2111",-2.2820592783219
"Wave_2112",-0.596885242199684
"Wave_2113",0.0740549760790021
"Wave_2114",-1.06749993364765
"Wave_2115",-0.911168016852993
"Wave_2116",0.452359209066687
"Wave_2117",0.727932909480798
"Wave_2118",0.385788599102771
"Wave_2119",0.523283491922422
"Wave_2120",-0.213589675295721
"Wave_2121",1.23457289794828
"Wave_2122",3.5149795106167
"Wave_2123",2.94355059549577
"Wave_2124",3.01533498888769
"Wave_2125",2.02720833194406
"Wave_2126",1.93375927290261
"Wave_2127",2.32485325881013
"Wave_2128",3.0688050094607
"Wave_2129",4.20235148710432
"Wave_2130",4.87500186942633
"Wave_2131",5.50823650486806
"Wave_2132",6.00844706190159
"Wave_2133",6.05785982934286
"Wave_2134",6.75539354819132
"Wave_2135",8.19419150656311
"Wave_2136",9.04219832060113
"Wave_2137",8.9754848216761
"Wave_2138",9.29634426093946
"Wave_2139",8.79726452586956
"Wave_2140",8.09205988969726
"Wave_2141",7.86681603659363
"Wave_2142",8.09261694772382
"Wave_2143",8.04581297634784
"Wave_2144",8.60963474293753
"Wave_2145",7.65609918559976
"Wave_2146",5.11680303953814
"Wave_2147",4.48803413820927
"Wave_2148",4.24690579841825
"Wave_2149",3.42142284619415
"Wave_2150",3.56817751329916
"Wave_2151",3.29756875622215
"Wave_2152",1.97880593482899
"Wave_2153",0.881436743951044
"Wave_2154",0.736110664169997
"Wave_2155",0.856961172893975
"Wave_2156",0.429633389707036
"Wave_2157",-1.20844361805994
"Wave_2158",-1.9523060256485
"Wave_2159",-1.01860333339036
"Wave_2160",-0.440259299022757
"Wave_2161",0.799647710904679
"Wave_2162",2.22595334185665
"Wave_2163",4.69977694990496
"Wave_2164",4.71467771459223
"Wave_2165",3.05160114657628
"Wave_2166",3.54041757287467
"Wave_2167",3.11326843867915
"Wave_2168",4.02173647441206
"Wave_2169",8.06690085517978
"Wave_2170",10.0825903718627
"Wave_2171",11.541234268451
"Wave_2172",12.3483813676123
"Wave_2173",12.2648960122759
"Wave_2174",11.7704511491151
"Wave_2175",13.2118464515959
"Wave_2176",13.6428585391542
"Wave_2177",12.5142543604414
"Wave_2178",13.0474402880646
"Wave_2179",15.1593659001417
"Wave_2180",15.695792922113
"Wave_2181",15.1285570558355
"Wave_2182",15.225210014812
"Wave_2183",14.8274327100277
"Wave_2184",11.0849758630858
"Wave_2185",10.3528845401515
"Wave_2186",12.9208141483706
"Wave_2187",13.0037511045332
"Wave_2188",12.2394975230254
"Wave_2189",11.414401959626
"Wave_2190",9.84051975080998
"Wave_2191",8.8626785038603
"Wave_2192",8.16669344479353
"Wave_2193",6.92920125181452
"Wave_2194",6.37965558540193
"Wave_2195",3.10136475610434
"Wave_2196",0.931795335715243
"Wave_2197",1.71443277431232
"Wave_2198",0.504502340303105
"Wave_2199",-0.355180925333769
"Wave_2200",-0.578466855372389
"Wave_2201",-2.69994558495572
"Wave_2202",-4.03253510940768
"Wave_2203",-4.20215984178021
"Wave_2204",-4.51606255197514
"Wave_2205",-4.51041594098125
"Wave_2206",-5.91067522841868
"Wave_2207",-7.74761668720643
"Wave_2208",-9.01713686990335
"Wave_2209",-11.2610035056202
"Wave_2210",-13.0860831779625
"Wave_2211",-14.0598782886206
"Wave_2212",-15.2892209205298
"Wave_2213",-17.5357139297272
"Wave_2214",-18.6249603193806
"Wave_2215",-18.5698965674402
"Wave_2216",-18.85142760466
"Wave_2217",-18.5474954689526
"Wave_2218",-18.530975736583
"Wave_2219",-21.0368204948767
"Wave_2220",-22.8355727810773
"Wave_2221",-22.0801904970988
"Wave_2222",-23.1161943079071
"Wave_2223",-25.7082262700757
"Wave_2224",-26.7984458875256
"Wave_2225",-26.9819180440547
"Wave_2226",-27.1904754517328
"Wave_2227",-28.7207627103052
"Wave_2228",-29.1641228679725
"Wave_2229",-28.8019579726729
"Wave_2230",-30.7360289177227
"Wave_2231",-31.0295501205643
"Wave_2232",-28.1249645565031
"Wave_2233",-26.4633779813763
"Wave_2234",-26.0222119501185
"Wave_2235",-24.5464929809032
"Wave_2236",-21.1132345211659
"Wave_2237",-19.8439892629012
"Wave_2238",-20.900457112904
"Wave_2239",-19.7448887312933
"Wave_2240",-17.7142058710053
"Wave_2241",-16.0057949792511
"Wave_2242",-14.4094719533865
"Wave_2243",-11.1876604871028
"Wave_2244",-7.72800357928557
"Wave_2245",-3.15769953915565
"Wave_2246",1.40364916587727
"Wave_2247",6.01804372579564
"Wave_2248",9.13461597332417
"Wave_2249",11.1367522699647
"Wave_2250",14.2456697082779
"Wave_2251",19.0362251293365
"Wave_2252",23.8611715343706
"Wave_2253",25.8019412686989
"Wave_2254",26.1406911581913
"Wave_2255",27.2554237789859
"Wave_2256",28.3042516190282
"Wave_2257",28.1420362435628
"Wave_2258",27.8023227549581
"Wave_2259",28.1547468121066
"Wave_2260",28.1063305382668
"Wave_2261",26.6451580452061
"Wave_2262",25.1506156737658
"Wave_2263",25.3136523206536
"Wave_2264",22.6172325432794
"Wave_2265",16.2960535999219
"Wave_2266",13.1022491223626
"Wave_2267",10.0310638106025
"Wave_2268",7.61547417163527
"Wave_2269",8.27487263993702
"Wave_2270",5.77682052858138
"Wave_2271",0.538495112497958
"Wave_2272",-2.35584904414237
"Wave_2273",-5.16941559938019
"Wave_2274",-8.25679556492604
"Wave_2275",-9.64862866735305
"Wave_2276",-12.2712609075893
"Wave_2277",-14.9709665415582
"Wave_2278",-18.0185603368403
"Wave_2279",-21.8857738155817
"Wave_2280",-23.8651860791876
"Wave_2281",-25.3436426442378
"Wave_2282",-26.6216610760774
"Wave_2283",-29.2814432010472
"Wave_2284",-29.7193276566328
"Wave_2285",-26.8724637282596
"Wave_2286",-27.1311887392246
"Wave_2287",-26.6458613138309
"Wave_2288",-23.7938141212318
"Wave_2289",-22.9111084745248
"Wave_2290",-26.73718104268
"Wave_2291",-24.2583299051158
"Wave_2292",-16.9252193620087
"Wave_2293",-13.5742774710155
"Wave_2294",-9.45165127054988
"Wave_2295",-6.39130741285001
"Wave_2296",-5.50545205698965
"Wave_2297",-4.20859790583923
"Wave_2298",-1.64944472726528
"Wave_2299",-1.09777168611229
"Wave_2300",-3.62567890648908
"Wave_2301",-4.32338679266431
"Wave_2302",-4.08746504966381
"Wave_2303",-5.14204457216735
"Wave_2304",-6.10477521665514
"Wave_2305",-7.55191292560451
"Wave_2306",-9.00225670178382
"Wave_2307",-12.5849410811324
"Wave_2308",-20.5102163703248
"Wave_2309",-23.2284556342698
"Wave_2310",-24.1802488669496
"Wave_2311",-26.3341194490406
"Wave_2312",-22.6862061448111
"Wave_2313",-23.0305045870527
"Wave_2314",-27.7769161581081
"Wave_2315",-33.9986376779607
"Wave_2316",-32.1888246168911
"Wave_2317",-30.7540692388845
"Wave_2318",-27.9798425308274
"Wave_2319",-23.985102632405
"Wave_2320",-20.2815151841021
"Wave_2321",-19.7472290766426
"Wave_2322",-22.5192215621435
"Wave_2323",-19.8089313241186
"Wave_2324",-15.5860348803504
"Wave_2325",-13.9032046481065
"Wave_2326",-12.7760911099176
"Wave_2327",-9.57199756238761
"Wave_2328",-6.77062666215196
"Wave_2329",-7.13424747036425
"Wave_2330",-3.16708681996765
"Wave_2331",1.20406750967521
"Wave_2332",4.91695133374404
"Wave_2333",6.54976027291597
"Wave_2334",8.25118003348212
"Wave_2335",11.093212517124
"Wave_2336",13.6319428871114
"Wave_2337",14.1791658548961
"Wave_2338",14.4833604046762
"Wave_2339",15.2383394588171
"Wave_2340",18.4949919060472
"Wave_2341",21.8571804760202
"Wave_2342",22.5342516382005
"Wave_2343",24.795683293859
"Wave_2344",26.4552795233276
"Wave_2345",24.1190161022525
"Wave_2346",25.5810175929894
"Wave_2347",32.2353730452528
"Wave_2348",32.6852915359815
"Wave_2349",30.0610021175237
"Wave_2350",27.8607107127452
"Wave_2351",22.9454888879132
"Wave_2352",20.4015036329838
"Wave_2353",19.0402755740418
"Wave_2354",16.0167868914313
"Wave_2355",9.68018764999088
"Wave_2356",9.86412498767225
"Wave_2357",17.2157668280701
"Wave_2358",16.1459759379295
"Wave_2359",12.3765111715418
"Wave_2360",13.1161835201882
"Wave_2361",10.6650885004643
"Wave_2362",8.25444643719923
"Wave_2363",11.1601698657174
"Wave_2364",12.6411346222081
"Wave_2365",9.51702157075533
"Wave_2366",8.59393788169008
"Wave_2367",12.2551278255279
"Wave_2368",13.3180971700701
"Wave_2369",9.61309450987252
"Wave_2370",10.0834866839267
"Wave_2371",15.7698941420139
"Wave_2372",16.904665353388
"Wave_2373",16.642837107487
"Wave_2374",17.218836885197
"Wave_2375",16.3069700961125
"Wave_2376",13.4520599243956
"Wave_2377",8.71630011646839
"Wave_2378",7.21804955183876
"Wave_2379",2.62849775164035
"Wave_2380",3.8979914579042
"Wave_2381",8.3622767507339
"Wave_2382",11.0278994579203
"Wave_2383",13.5007561468465
"Wave_2384",10.001501587286
"Wave_2385",2.47949607276034
"Wave_2386",2.1035987773036
"Wave_2387",3.46108986410699
"Wave_2388",2.88724150661021
"Wave_2389",6.12878140781523
"Wave_2390",4.74014142212798
"Wave_2391",-1.56114365585902
"Wave_2392",-6.39208885154596
"Wave_2393",-9.86272993251147
"Wave_2394",-8.25632907157135
"Wave_2395",-5.74873091573341
"Wave_2396",-6.56606512558364
"Wave_2397",-6.84269137740225
"Wave_2398",-6.35890007589431
"Wave_2399",-10.7013232425338
"Wave_2400",-15.3502109736113
