"","ADL_PERC_DW.13.comps"
"(Intercept)",35.436860636571
"Wave_1200",-13.6592005298191
"Wave_1201",-13.6198707387414
"Wave_1202",-13.0943583329986
"Wave_1203",-12.5172524670093
"Wave_1204",-12.4201517424701
"Wave_1205",-11.9950181012889
"Wave_1206",-11.3609629804337
"Wave_1207",-11.0409647895547
"Wave_1208",-10.6327950997461
"Wave_1209",-10.3491301751617
"Wave_1210",-10.6812256418634
"Wave_1211",-11.1439743519786
"Wave_1212",-11.1363373546859
"Wave_1213",-10.5881794053902
"Wave_1214",-9.96539982680042
"Wave_1215",-10.0097836274698
"Wave_1216",-10.0774505462354
"Wave_1217",-10.2987753205417
"Wave_1218",-11.0005927503302
"Wave_1219",-10.8856348926898
"Wave_1220",-10.184989232841
"Wave_1221",-9.7500043074223
"Wave_1222",-9.3773536032623
"Wave_1223",-8.99078789932622
"Wave_1224",-8.70496561608773
"Wave_1225",-8.89516156415573
"Wave_1226",-8.78570667674324
"Wave_1227",-8.42530710286663
"Wave_1228",-8.33969510360263
"Wave_1229",-8.16366938332092
"Wave_1230",-7.61133295846166
"Wave_1231",-7.44237948904289
"Wave_1232",-7.12355582769467
"Wave_1233",-6.73305369512746
"Wave_1234",-6.45373105044507
"Wave_1235",-6.34399829521244
"Wave_1236",-6.66938195278336
"Wave_1237",-7.13094776066717
"Wave_1238",-7.45896315889515
"Wave_1239",-7.0063395884772
"Wave_1240",-6.58767060843158
"Wave_1241",-6.62459417568329
"Wave_1242",-6.28974778005122
"Wave_1243",-6.33950404653485
"Wave_1244",-6.53849853203558
"Wave_1245",-6.30512991333396
"Wave_1246",-5.29766883473243
"Wave_1247",-5.01993136530867
"Wave_1248",-5.35240919716393
"Wave_1249",-4.8749521858191
"Wave_1250",-4.18570800031654
"Wave_1251",-3.98851278625251
"Wave_1252",-3.76335635722819
"Wave_1253",-3.5106388349575
"Wave_1254",-3.50840759171625
"Wave_1255",-3.51079728716395
"Wave_1256",-3.5034710348692
"Wave_1257",-3.12096553926949
"Wave_1258",-2.17661765510619
"Wave_1259",-1.50675184861117
"Wave_1260",-1.32763025262297
"Wave_1261",-1.18700412483104
"Wave_1262",-1.23519505350504
"Wave_1263",-1.53243644670502
"Wave_1264",-1.00873080881265
"Wave_1265",-0.20989010795158
"Wave_1266",0.0154664013125961
"Wave_1267",-0.378195946175395
"Wave_1268",-0.41606086433251
"Wave_1269",0.232253105074268
"Wave_1270",0.898426819152168
"Wave_1271",1.0605462329053
"Wave_1272",0.730396000321391
"Wave_1273",0.311278921655678
"Wave_1274",0.131170396516894
"Wave_1275",0.330236545228439
"Wave_1276",0.683873911687085
"Wave_1277",1.41243062212426
"Wave_1278",2.06250065977547
"Wave_1279",2.10424938094534
"Wave_1280",2.03227894233645
"Wave_1281",1.7890930125389
"Wave_1282",1.23473657726868
"Wave_1283",1.03011716034525
"Wave_1284",1.4174333199241
"Wave_1285",1.63184342106974
"Wave_1286",1.35450895196623
"Wave_1287",1.61861875554572
"Wave_1288",1.96280924190683
"Wave_1289",2.72659018097288
"Wave_1290",3.21753542172331
"Wave_1291",3.55474278305766
"Wave_1292",3.36116310370141
"Wave_1293",2.9300640541655
"Wave_1294",2.72533143704176
"Wave_1295",2.90520255205572
"Wave_1296",3.24088982697233
"Wave_1297",3.05815248889044
"Wave_1298",3.19736970442203
"Wave_1299",3.93756976115584
"Wave_1300",4.18124764990142
"Wave_1301",4.55131189621622
"Wave_1302",4.90310671411666
"Wave_1303",4.57924755773198
"Wave_1304",4.3546252046523
"Wave_1305",4.14698116603189
"Wave_1306",4.17455944163248
"Wave_1307",4.47060143235467
"Wave_1308",4.4042103302383
"Wave_1309",3.94749373368825
"Wave_1310",3.44778059408711
"Wave_1311",3.28109005243991
"Wave_1312",3.11919458277334
"Wave_1313",2.86807027975394
"Wave_1314",2.73622497152384
"Wave_1315",2.97439346962101
"Wave_1316",3.63908159847815
"Wave_1317",3.59143616188664
"Wave_1318",2.84984976916223
"Wave_1319",3.09385374061008
"Wave_1320",3.47039309117807
"Wave_1321",3.23874364211728
"Wave_1322",3.58703909971297
"Wave_1323",3.88729463678825
"Wave_1324",3.11087546075734
"Wave_1325",2.26976135503521
"Wave_1326",2.00164941783018
"Wave_1327",1.78005160565194
"Wave_1328",2.05422586675899
"Wave_1329",2.61538303943163
"Wave_1330",2.87477462155996
"Wave_1331",3.15200547410454
"Wave_1332",2.79523875120184
"Wave_1333",2.51119972983718
"Wave_1334",3.15562137059838
"Wave_1335",3.47319381271589
"Wave_1336",3.72338744540818
"Wave_1337",4.04276978912817
"Wave_1338",4.14314242212307
"Wave_1339",3.68764736677189
"Wave_1340",3.96952646082895
"Wave_1341",4.69795184081517
"Wave_1342",5.04971091923995
"Wave_1343",5.24154181190039
"Wave_1344",5.26914771899607
"Wave_1345",5.04178237204797
"Wave_1346",5.1385355973481
"Wave_1347",5.68258853029041
"Wave_1348",6.2980070300714
"Wave_1349",6.55726783775425
"Wave_1350",6.49962534177068
"Wave_1351",6.50175488894262
"Wave_1352",6.98741784081999
"Wave_1353",7.43114997659445
"Wave_1354",7.20070781174222
"Wave_1355",6.97355615911132
"Wave_1356",7.12729921734512
"Wave_1357",7.41053757018383
"Wave_1358",7.57932391310551
"Wave_1359",7.75351910199348
"Wave_1360",7.777114006972
"Wave_1361",7.84511136197045
"Wave_1362",7.75502935177509
"Wave_1363",8.32752431880569
"Wave_1364",9.42785709363053
"Wave_1365",9.9375725154074
"Wave_1366",10.2329304046403
"Wave_1367",11.0475476888573
"Wave_1368",11.9304010533602
"Wave_1369",12.660012173991
"Wave_1370",13.346910297162
"Wave_1371",14.2665623673541
"Wave_1372",14.8749207600496
"Wave_1373",14.6931432196087
"Wave_1374",14.6177812640578
"Wave_1375",14.9804115630504
"Wave_1376",14.775201617776
"Wave_1377",13.932478402245
"Wave_1378",13.8264306007749
"Wave_1379",14.1567594268217
"Wave_1380",13.7181807900085
"Wave_1381",13.1964083606119
"Wave_1382",12.8855650143635
"Wave_1383",12.1310884367444
"Wave_1384",11.0257862804768
"Wave_1385",10.3517276795212
"Wave_1386",10.1956780092858
"Wave_1387",9.67595108471046
"Wave_1388",8.47251770098736
"Wave_1389",7.48185669286949
"Wave_1390",6.59892102501118
"Wave_1391",5.27666462440783
"Wave_1392",3.91162822816695
"Wave_1393",2.96658466994891
"Wave_1394",1.86335413901169
"Wave_1395",0.289550391038457
"Wave_1396",-1.14882017264668
"Wave_1397",-2.43125334786113
"Wave_1398",-3.62382421530981
"Wave_1399",-4.86814642976455
"Wave_1400",-6.1422637080769
"Wave_1401",-7.5913286119648
"Wave_1402",-8.90607077946879
"Wave_1403",-9.97380668339055
"Wave_1404",-10.9470522847671
"Wave_1405",-11.5422793552698
"Wave_1406",-11.8281772893204
"Wave_1407",-12.352668664501
"Wave_1408",-13.0784778909517
"Wave_1409",-13.6464779203863
"Wave_1410",-13.5209755313058
"Wave_1411",-12.9257562876765
"Wave_1412",-12.9357485744076
"Wave_1413",-13.1232752776176
"Wave_1414",-12.6318083797467
"Wave_1415",-12.0456793281917
"Wave_1416",-11.6949511141872
"Wave_1417",-10.8473111753832
"Wave_1418",-9.27182985931734
"Wave_1419",-7.6873338298359
"Wave_1420",-6.17395777317343
"Wave_1421",-4.4232649904119
"Wave_1422",-2.72739044284141
"Wave_1423",-0.976978421088358
"Wave_1424",0.33773810886181
"Wave_1425",2.02542863771457
"Wave_1426",4.09794072751657
"Wave_1427",6.31272040614419
"Wave_1428",8.69909674453867
"Wave_1429",10.7230043020559
"Wave_1430",12.9586922176483
"Wave_1431",14.9705891574124
"Wave_1432",16.6313972805099
"Wave_1433",18.1400919513741
"Wave_1434",19.8344127501079
"Wave_1435",20.9684119234848
"Wave_1436",21.4695352015498
"Wave_1437",21.9958055665318
"Wave_1438",22.9456987672959
"Wave_1439",23.2990269200106
"Wave_1440",23.0079210191408
"Wave_1441",22.5612553711576
"Wave_1442",22.1099612248504
"Wave_1443",21.7159641581405
"Wave_1444",21.0538864283527
"Wave_1445",20.0565513536482
"Wave_1446",18.7071382831233
"Wave_1447",17.4214789320776
"Wave_1448",16.4069817486451
"Wave_1449",14.963152085788
"Wave_1450",13.0039774114042
"Wave_1451",11.2635129669183
"Wave_1452",9.67336258371127
"Wave_1453",7.88185501967914
"Wave_1454",6.39960475293932
"Wave_1455",5.10388613799035
"Wave_1456",3.76797258060191
"Wave_1457",2.46990468787882
"Wave_1458",0.661464390126893
"Wave_1459",-1.18586008237159
"Wave_1460",-2.80729711490734
"Wave_1461",-4.1773968307866
"Wave_1462",-5.05328242299691
"Wave_1463",-4.80767194967018
"Wave_1464",-5.62860704180838
"Wave_1465",-7.06633056145675
"Wave_1466",-7.52295822895995
"Wave_1467",-7.6727819351858
"Wave_1468",-8.07518826635999
"Wave_1469",-8.21294732136734
"Wave_1470",-7.8758300353109
"Wave_1471",-7.67873023544524
"Wave_1472",-7.50725968171064
"Wave_1473",-6.65440613373896
"Wave_1474",-5.84047972716361
"Wave_1475",-5.41110419202433
"Wave_1476",-4.72364131010719
"Wave_1477",-3.68199143655471
"Wave_1478",-2.42032943802989
"Wave_1479",-1.13744578837967
"Wave_1480",-0.127296938340666
"Wave_1481",1.46716479574764
"Wave_1482",3.20666667685821
"Wave_1483",4.02079886209811
"Wave_1484",5.17098252259731
"Wave_1485",6.84339768125704
"Wave_1486",8.25844743264506
"Wave_1487",9.81401513171508
"Wave_1488",11.5982569165121
"Wave_1489",13.3726901905018
"Wave_1490",14.8460876583851
"Wave_1491",16.2672030181921
"Wave_1492",17.6630918266194
"Wave_1493",18.5783592863149
"Wave_1494",19.6316621659474
"Wave_1495",20.9803211750164
"Wave_1496",21.5725046181113
"Wave_1497",21.9495911818151
"Wave_1498",23.0816665654111
"Wave_1499",23.9028340202841
"Wave_1500",24.2283230248643
"Wave_1501",24.8295927943529
"Wave_1502",24.7256263105681
"Wave_1503",23.8960460174246
"Wave_1504",23.8752301684472
"Wave_1505",24.2169237792607
"Wave_1506",23.9902573026868
"Wave_1507",23.4929243950879
"Wave_1508",23.0495021071563
"Wave_1509",22.4057611324793
"Wave_1510",21.5990099084196
"Wave_1511",21.0586594914604
"Wave_1512",20.6507939968757
"Wave_1513",20.0907363300628
"Wave_1514",18.9852762248821
"Wave_1515",17.9682821574526
"Wave_1516",16.7623585257002
"Wave_1517",15.5000953960344
"Wave_1518",13.8082186993373
"Wave_1519",12.9884356625838
"Wave_1520",12.7719784480743
"Wave_1521",12.0894580953214
"Wave_1522",11.5772029764263
"Wave_1523",11.0092985433806
"Wave_1524",10.2675387417869
"Wave_1525",9.30387849705702
"Wave_1526",8.04757117379214
"Wave_1527",7.4825022305547
"Wave_1528",7.28477505315766
"Wave_1529",6.42172746556912
"Wave_1530",5.43020117608303
"Wave_1531",5.08976814814187
"Wave_1532",4.85028446394378
"Wave_1533",4.10082039165097
"Wave_1534",3.55372714181778
"Wave_1535",3.24875477816551
"Wave_1536",2.71274398551683
"Wave_1537",1.71078742454875
"Wave_1538",1.6276720413621
"Wave_1539",1.56572527385423
"Wave_1540",0.880585004821167
"Wave_1541",0.325528207810813
"Wave_1542",-0.151600073129257
"Wave_1543",-0.692567205917642
"Wave_1544",-1.11056333296711
"Wave_1545",-1.58861510030147
"Wave_1546",-2.12237460649974
"Wave_1547",-2.14455612851954
"Wave_1548",-2.16997575858761
"Wave_1549",-2.38780096286108
"Wave_1550",-2.40012908338033
"Wave_1551",-2.66961616306823
"Wave_1552",-2.89093459146894
"Wave_1553",-3.05954430618996
"Wave_1554",-3.73359017418188
"Wave_1555",-4.05556098617286
"Wave_1556",-4.00646363256236
"Wave_1557",-4.56508127208296
"Wave_1558",-5.24724790161734
"Wave_1559",-5.54976492538513
"Wave_1560",-5.68777308227206
"Wave_1561",-5.8234391490833
"Wave_1562",-6.10944906453557
"Wave_1563",-6.42322523037784
"Wave_1564",-6.59706432387579
"Wave_1565",-7.07217928826503
"Wave_1566",-7.80236513790014
"Wave_1567",-7.97908574462029
"Wave_1568",-8.14959999569177
"Wave_1569",-8.36415369732867
"Wave_1570",-8.01133123443749
"Wave_1571",-7.87397798566528
"Wave_1572",-8.22418072681962
"Wave_1573",-8.74692912460577
"Wave_1574",-8.83086736150959
"Wave_1575",-8.44899835968452
"Wave_1576",-8.5949533308129
"Wave_1577",-8.96323304213048
"Wave_1578",-8.83591342369938
"Wave_1579",-9.09626887569118
"Wave_1580",-9.82952266295353
"Wave_1581",-9.60301463593994
"Wave_1582",-9.20849443913435
"Wave_1583",-9.66399699237451
"Wave_1584",-9.74396212032508
"Wave_1585",-9.72995090403503
"Wave_1586",-9.91342416043419
"Wave_1587",-9.39536403800528
"Wave_1588",-9.15019482379098
"Wave_1589",-9.70591260058936
"Wave_1590",-10.3712054527152
"Wave_1591",-10.5359213581675
"Wave_1592",-10.2245767619428
"Wave_1593",-10.0820599713712
"Wave_1594",-10.1365454567792
"Wave_1595",-10.7643436727094
"Wave_1596",-11.7545780698107
"Wave_1597",-12.1504129657824
"Wave_1598",-12.561731973644
"Wave_1599",-12.9699998769237
"Wave_1600",-12.663923393616
"Wave_1601",-12.6745641579347
"Wave_1602",-12.9505788837066
"Wave_1603",-13.1479624206634
"Wave_1604",-13.6366420531417
"Wave_1605",-13.7258594906243
"Wave_1606",-13.5689950860326
"Wave_1607",-13.5737726246346
"Wave_1608",-13.4834696289099
"Wave_1609",-13.4212356287737
"Wave_1610",-13.6269353590808
"Wave_1611",-13.9068111202616
"Wave_1612",-13.8791114020166
"Wave_1613",-14.2012029963606
"Wave_1614",-14.665381543296
"Wave_1615",-14.1362378050931
"Wave_1616",-13.8469813603736
"Wave_1617",-14.0645489073206
"Wave_1618",-13.3343019523112
"Wave_1619",-12.83807967225
"Wave_1620",-13.7424146652126
"Wave_1621",-14.2449280568222
"Wave_1622",-13.696144556133
"Wave_1623",-13.6576982470883
"Wave_1624",-14.2172151508841
"Wave_1625",-14.5826609688264
"Wave_1626",-14.743969770622
"Wave_1627",-15.1834470825589
"Wave_1628",-15.0450154554433
"Wave_1629",-14.061448247409
"Wave_1630",-13.9628979387446
"Wave_1631",-13.9979543634831
"Wave_1632",-13.2797321251186
"Wave_1633",-12.5246016078741
"Wave_1634",-11.6527737257002
"Wave_1635",-10.7168589516842
"Wave_1636",-10.1102296759827
"Wave_1637",-9.61057160736505
"Wave_1638",-9.2099479075585
"Wave_1639",-9.186849512471
"Wave_1640",-8.59272646558268
"Wave_1641",-8.12604063186225
"Wave_1642",-8.72601705725115
"Wave_1643",-9.10946021562801
"Wave_1644",-8.8959206340841
"Wave_1645",-8.54938628737528
"Wave_1646",-8.07256914103908
"Wave_1647",-7.57299430428442
"Wave_1648",-8.00584574795561
"Wave_1649",-8.80896490418174
"Wave_1650",-8.63134196779954
"Wave_1651",-8.04342145830092
"Wave_1652",-7.89454925322777
"Wave_1653",-8.37080365118304
"Wave_1654",-8.80564024002926
"Wave_1655",-8.86540415729901
"Wave_1656",-8.63692202289256
"Wave_1657",-7.99300943668323
"Wave_1658",-7.86805661201196
"Wave_1659",-8.3095610291724
"Wave_1660",-8.11378462667698
"Wave_1661",-7.48755647318441
"Wave_1662",-7.44362470060221
"Wave_1663",-7.80399050164029
"Wave_1664",-7.71254287214708
"Wave_1665",-7.35022556503525
"Wave_1666",-7.27016644343677
"Wave_1667",-6.82006029857127
"Wave_1668",-5.96285333065305
"Wave_1669",-5.55161459216803
"Wave_1670",-4.88610571807447
"Wave_1671",-3.8925326613154
"Wave_1672",-3.24910200413957
"Wave_1673",-2.65617037657255
"Wave_1674",-1.58930256694986
"Wave_1675",-0.0927876082973498
"Wave_1676",1.20375828269548
"Wave_1677",2.18135717377368
"Wave_1678",2.80270183884059
"Wave_1679",3.62385199627586
"Wave_1680",4.45371995266486
"Wave_1681",4.20552582837321
"Wave_1682",3.93602596961389
"Wave_1683",4.30063125468642
"Wave_1684",3.98951854090137
"Wave_1685",3.11603463632155
"Wave_1686",3.12054805596809
"Wave_1687",3.34627830129621
"Wave_1688",2.3494618786891
"Wave_1689",1.63561369539026
"Wave_1690",1.75947335763323
"Wave_1691",0.899491583215783
"Wave_1692",0.384536253715543
"Wave_1693",0.833712118560668
"Wave_1694",0.567661032451046
"Wave_1695",0.203110745457778
"Wave_1696",0.295437940439186
"Wave_1697",-0.240807706176477
"Wave_1698",-0.934360584595521
"Wave_1699",-1.46411333228176
"Wave_1700",-1.67076734583264
"Wave_1701",-1.72144647119137
"Wave_1702",-2.28880419444823
"Wave_1703",-3.17743635591693
"Wave_1704",-4.68406428941146
"Wave_1705",-5.32415542318493
"Wave_1706",-6.46747379694887
"Wave_1707",-8.07230256779705
"Wave_1708",-9.2929782771328
"Wave_1709",-10.9141439068455
"Wave_1710",-12.7354681824013
"Wave_1711",-13.7100959348861
"Wave_1712",-13.7950654797038
"Wave_1713",-13.3019515621287
"Wave_1714",-12.8512811359256
"Wave_1715",-12.5359678870086
"Wave_1716",-11.9876594119734
"Wave_1717",-11.8500369526829
"Wave_1718",-10.7458113073056
"Wave_1719",-8.04888896735925
"Wave_1720",-6.0761927858184
"Wave_1721",-5.17790358279594
"Wave_1722",-3.88724689024542
"Wave_1723",-2.00820725724467
"Wave_1724",0.0233463076077483
"Wave_1725",2.68986605938552
"Wave_1726",5.01043392089057
"Wave_1727",6.28198285252048
"Wave_1728",7.76429784667086
"Wave_1729",9.72879785096589
"Wave_1730",12.1780250059218
"Wave_1731",14.5618246186004
"Wave_1732",16.1276472140219
"Wave_1733",17.5280946185728
"Wave_1734",19.2295052091831
"Wave_1735",20.9152992600099
"Wave_1736",22.6307846866684
"Wave_1737",24.2789267290566
"Wave_1738",25.1102234491748
"Wave_1739",25.3731062237476
"Wave_1740",25.835272989548
"Wave_1741",27.0360008026063
"Wave_1742",28.1087631430126
"Wave_1743",28.9366390423694
"Wave_1744",29.809706579226
"Wave_1745",29.9616017719631
"Wave_1746",29.6888402474118
"Wave_1747",29.378261737097
"Wave_1748",28.4728995265977
"Wave_1749",28.0874685229313
"Wave_1750",28.1425954646528
"Wave_1751",27.1158481304694
"Wave_1752",25.8936902093336
"Wave_1753",24.7626838661874
"Wave_1754",22.8981243693047
"Wave_1755",20.70809868233
"Wave_1756",18.432536512692
"Wave_1757",16.5477286814777
"Wave_1758",14.360976985104
"Wave_1759",12.2074238687386
"Wave_1760",9.8912564926561
"Wave_1761",8.17060119675808
"Wave_1762",6.71038259887156
"Wave_1763",4.33105205979529
"Wave_1764",2.38051408263099
"Wave_1765",0.319740336328289
"Wave_1766",-2.76617073114441
"Wave_1767",-4.75221392782871
"Wave_1768",-5.69743865271924
"Wave_1769",-7.30807491640939
"Wave_1770",-9.21140371588566
"Wave_1771",-10.6890827493968
"Wave_1772",-12.2679024655116
"Wave_1773",-13.9721032169126
"Wave_1774",-15.5272167798042
"Wave_1775",-16.7626624966078
"Wave_1776",-17.5135191931539
"Wave_1777",-18.7876593156689
"Wave_1778",-20.1961178769892
"Wave_1779",-19.9900510730781
"Wave_1780",-20.2136436765827
"Wave_1781",-20.4219479092426
"Wave_1782",-19.8712890948236
"Wave_1783",-19.3133377174185
"Wave_1784",-18.9916374448255
"Wave_1785",-17.9932113764207
"Wave_1786",-16.6428574719551
"Wave_1787",-15.0547086012035
"Wave_1788",-14.1136572637558
"Wave_1789",-13.3086107936506
"Wave_1790",-12.1695474313532
"Wave_1791",-11.6069283905057
"Wave_1792",-10.4906497575622
"Wave_1793",-8.05050259386354
"Wave_1794",-7.04731747754048
"Wave_1795",-7.07256776326375
"Wave_1796",-6.03217965662207
"Wave_1797",-5.97106129270027
"Wave_1798",-5.8560029643092
"Wave_1799",-4.7709473309169
"Wave_1800",-3.76766948176875
"Wave_1801",-2.44410259565585
"Wave_1802",-0.738285106001507
"Wave_1803",0.916112852297558
"Wave_1804",3.11913002315335
"Wave_1805",4.85928008214746
"Wave_1806",7.65897175141773
"Wave_1807",8.3698143132407
"Wave_1808",8.6912401765239
"Wave_1809",9.6307704368663
"Wave_1810",11.6121781298031
"Wave_1811",13.6148948636805
"Wave_1812",13.324846007798
"Wave_1813",13.2826383590278
"Wave_1814",14.1104951080844
"Wave_1815",15.1694238791284
"Wave_1816",15.9859513552737
"Wave_1817",16.3140409429444
"Wave_1818",15.6138694258463
"Wave_1819",14.6852849696787
"Wave_1820",13.9481282170307
"Wave_1821",14.946325339927
"Wave_1822",17.4749781282379
"Wave_1823",18.4175632521585
"Wave_1824",18.8571006027239
"Wave_1825",18.1846581033301
"Wave_1826",18.4639739432444
"Wave_1827",18.9310493028376
"Wave_1828",18.0705843943704
"Wave_1829",16.4434993881114
"Wave_1830",15.870232180471
"Wave_1831",15.8239663809829
"Wave_1832",16.1783071771964
"Wave_1833",19.5660926936421
"Wave_1834",20.6022886354361
"Wave_1835",21.1465301942594
"Wave_1836",19.4292192379052
"Wave_1837",17.3612143806471
"Wave_1838",16.4036876013808
"Wave_1839",17.1658927341925
"Wave_1840",17.4705383770693
"Wave_1841",17.2552145684529
"Wave_1842",17.6840282183801
"Wave_1843",17.200853735392
"Wave_1844",15.1119345251639
"Wave_1845",13.8209958927322
"Wave_1846",14.8479545404411
"Wave_1847",15.7658820697643
"Wave_1848",14.6953274328998
"Wave_1849",14.7685385251139
"Wave_1850",14.8999232023222
"Wave_1851",13.8432182851969
"Wave_1852",12.9712808250404
"Wave_1853",13.8133751118613
"Wave_1854",13.4183593423163
"Wave_1855",11.0184684089793
"Wave_1856",10.4314114355703
"Wave_1857",11.0390947886434
"Wave_1858",9.59053847499009
"Wave_1859",9.18227524456299
"Wave_1860",8.70541170947227
"Wave_1861",7.79620021571862
"Wave_1862",6.91103657534718
"Wave_1863",5.65228428591735
"Wave_1864",3.93454906235086
"Wave_1865",1.7430157986436
"Wave_1866",0.0470816622999706
"Wave_1867",-1.32930328701125
"Wave_1868",-2.59220377376701
"Wave_1869",-4.27663132536803
"Wave_1870",-5.40825746507712
"Wave_1871",-5.77964644403243
"Wave_1872",-7.9991634013636
"Wave_1873",-11.9129418552355
"Wave_1874",-12.9916303949296
"Wave_1875",-12.808497568254
"Wave_1876",-14.8928587756199
"Wave_1877",-15.809119402943
"Wave_1878",-15.3665487537273
"Wave_1879",-16.2106168566982
"Wave_1880",-19.5497501779027
"Wave_1881",-20.7560182195599
"Wave_1882",-19.6805662416471
"Wave_1883",-20.9205267734639
"Wave_1884",-24.1593304692853
"Wave_1885",-25.6925768908942
"Wave_1886",-26.9048911720085
"Wave_1887",-27.9080600203073
"Wave_1888",-29.7509989264643
"Wave_1889",-31.2221827661637
"Wave_1890",-32.3215711316412
"Wave_1891",-34.1464769600215
"Wave_1892",-35.5415539133819
"Wave_1893",-35.5900503915419
"Wave_1894",-36.3093727647569
"Wave_1895",-37.8145675711288
"Wave_1896",-38.7599671018521
"Wave_1897",-39.7033169822847
"Wave_1898",-40.04115927373
"Wave_1899",-39.9197414282183
"Wave_1900",-39.3075226278295
"Wave_1901",-38.9944603102396
"Wave_1902",-38.8043314476296
"Wave_1903",-37.404380852282
"Wave_1904",-35.1479088898521
"Wave_1905",-33.3550398389113
"Wave_1906",-31.8515312798593
"Wave_1907",-28.57472480507
"Wave_1908",-24.0077431358487
"Wave_1909",-20.4087441535654
"Wave_1910",-16.7277889739624
"Wave_1911",-11.4325188928144
"Wave_1912",-7.56841129156758
"Wave_1913",-5.36072550979932
"Wave_1914",-2.09944206751058
"Wave_1915",1.20474869975622
"Wave_1916",5.17911049903467
"Wave_1917",10.6876229571472
"Wave_1918",14.1455398112792
"Wave_1919",16.3406536264746
"Wave_1920",20.1280995943381
"Wave_1921",22.562242228252
"Wave_1922",22.9858146702716
"Wave_1923",24.3513275979138
"Wave_1924",27.1842477238505
"Wave_1925",27.9160750636788
"Wave_1926",26.3241140796798
"Wave_1927",26.316220468598
"Wave_1928",26.5959336017841
"Wave_1929",26.3089885722673
"Wave_1930",25.9781235571892
"Wave_1931",27.1084513715741
"Wave_1932",25.9442155574443
"Wave_1933",22.6087186254435
"Wave_1934",20.9627159382167
"Wave_1935",19.7746696445782
"Wave_1936",17.833582549565
"Wave_1937",15.3610020679441
"Wave_1938",14.0108137646347
"Wave_1939",13.0474446637433
"Wave_1940",11.3622062156537
"Wave_1941",10.1091463475951
"Wave_1942",9.37137818701107
"Wave_1943",7.71504209491246
"Wave_1944",4.03415066818115
"Wave_1945",2.86839478679629
"Wave_1946",4.14195083200569
"Wave_1947",2.4631710584273
"Wave_1948",-0.735433211476492
"Wave_1949",-2.19245019955738
"Wave_1950",-3.90871946240392
"Wave_1951",-6.12216259916635
"Wave_1952",-7.80307313755923
"Wave_1953",-8.65927725542414
"Wave_1954",-9.48840271784467
"Wave_1955",-11.072455377272
"Wave_1956",-12.9477649531316
"Wave_1957",-14.9404420626122
"Wave_1958",-14.8478137158851
"Wave_1959",-14.404787825782
"Wave_1960",-14.6580246383033
"Wave_1961",-12.6027872088639
"Wave_1962",-11.7362676604025
"Wave_1963",-14.3227441901729
"Wave_1964",-14.2532938994283
"Wave_1965",-13.0127724164322
"Wave_1966",-9.29460347387428
"Wave_1967",-8.05013179173136
"Wave_1968",-6.85630171224111
"Wave_1969",-5.61877690111027
"Wave_1970",-5.42633809753354
"Wave_1971",-4.60274847280078
"Wave_1972",-2.76968227095812
"Wave_1973",-1.7066828318039
"Wave_1974",-2.24580912007818
"Wave_1975",-1.01324298063558
"Wave_1976",2.28728035329908
"Wave_1977",3.79054512211389
"Wave_1978",4.95141888042859
"Wave_1979",6.82509718551771
"Wave_1980",7.26467117046296
"Wave_1981",5.36439644820754
"Wave_1982",5.16407673540416
"Wave_1983",5.71448135078891
"Wave_1984",5.58643404753289
"Wave_1985",5.21114100596895
"Wave_1986",5.17156356904039
"Wave_1987",5.9070797553678
"Wave_1988",5.18990836153783
"Wave_1989",3.77346734173677
"Wave_1990",2.02743179984824
"Wave_1991",1.26276720109176
"Wave_1992",0.0505971802397894
"Wave_1993",-1.18403768785778
"Wave_1994",-1.71301381269341
"Wave_1995",-2.1432826903366
"Wave_1996",-2.41520970818276
"Wave_1997",-3.99552049485353
"Wave_1998",-5.88369391956397
"Wave_1999",-7.208847642971
"Wave_2000",-10.1012941124207
"Wave_2001",-12.0966627810536
"Wave_2002",-12.9979894830671
"Wave_2003",-13.301080720809
"Wave_2004",-13.7789744813148
"Wave_2005",-14.5885188846894
"Wave_2006",-15.0128922613212
"Wave_2007",-15.1048968749265
"Wave_2008",-14.6823617713685
"Wave_2009",-14.291657725413
"Wave_2010",-13.2553227585161
"Wave_2011",-10.2687355100118
"Wave_2012",-9.03037114451352
"Wave_2013",-9.2877731542082
"Wave_2014",-8.27758131384361
"Wave_2015",-7.38917385574617
"Wave_2016",-6.24805939063192
"Wave_2017",-5.22858683721647
"Wave_2018",-3.43751528913011
"Wave_2019",-1.61674551379941
"Wave_2020",-0.28468838703131
"Wave_2021",1.45273131954408
"Wave_2022",3.98959490371478
"Wave_2023",6.34490769134277
"Wave_2024",9.57430718443291
"Wave_2025",11.0405121994601
"Wave_2026",10.3800634441446
"Wave_2027",12.0169479169849
"Wave_2028",14.7173179147098
"Wave_2029",15.7509451518309
"Wave_2030",16.8687328403062
"Wave_2031",19.9447694367026
"Wave_2032",20.6503003994256
"Wave_2033",17.9106510451054
"Wave_2034",18.2642500562473
"Wave_2035",20.11289926022
"Wave_2036",21.1800912146764
"Wave_2037",23.246571151463
"Wave_2038",24.1577440306223
"Wave_2039",23.975790190216
"Wave_2040",24.1997174423431
"Wave_2041",24.3449814898023
"Wave_2042",24.5043722275547
"Wave_2043",23.6249081272659
"Wave_2044",23.1300306284949
"Wave_2045",22.4195288326131
"Wave_2046",21.1080306144818
"Wave_2047",19.8933292482893
"Wave_2048",19.0913227051728
"Wave_2049",17.7105809664752
"Wave_2050",15.1809186688016
"Wave_2051",13.9240047698974
"Wave_2052",13.7308811589567
"Wave_2053",12.5044558460213
"Wave_2054",10.6776058976163
"Wave_2055",9.96915418995257
"Wave_2056",9.59987608593511
"Wave_2057",7.8300720733259
"Wave_2058",6.25186297068585
"Wave_2059",5.22336629210898
"Wave_2060",4.0076360859562
"Wave_2061",1.65985162489233
"Wave_2062",0.107420627055747
"Wave_2063",-0.181104377880315
"Wave_2064",-1.55474417391197
"Wave_2065",-3.45556274829983
"Wave_2066",-5.29459571815334
"Wave_2067",-7.38076844546381
"Wave_2068",-9.63197674669046
"Wave_2069",-12.6574261499446
"Wave_2070",-14.9470748346861
"Wave_2071",-15.8926321693393
"Wave_2072",-16.9531021366818
"Wave_2073",-19.4350273742152
"Wave_2074",-21.5785172363816
"Wave_2075",-22.2481463760808
"Wave_2076",-22.5690783636838
"Wave_2077",-23.4286099107173
"Wave_2078",-22.5014905972804
"Wave_2079",-23.0083471314978
"Wave_2080",-25.8296272747053
"Wave_2081",-27.0542386810529
"Wave_2082",-27.3118603945067
"Wave_2083",-27.6803173204563
"Wave_2084",-28.1569491456142
"Wave_2085",-27.8435965447485
"Wave_2086",-27.7929737399256
"Wave_2087",-27.2208543916804
"Wave_2088",-26.3517490477998
"Wave_2089",-27.0684472405856
"Wave_2090",-27.0350331364437
"Wave_2091",-27.3917115658245
"Wave_2092",-26.6936453518049
"Wave_2093",-24.9927533032271
"Wave_2094",-24.3417214693093
"Wave_2095",-23.5937984398739
"Wave_2096",-23.191563806604
"Wave_2097",-23.4649971924749
"Wave_2098",-23.4515024832401
"Wave_2099",-24.4617294810832
"Wave_2100",-23.8906388239024
"Wave_2101",-22.1536358115298
"Wave_2102",-20.6107679033953
"Wave_2103",-19.6190436977254
"Wave_2104",-17.5746127520115
"Wave_2105",-16.9741533884668
"Wave_2106",-16.7391777995195
"Wave_2107",-16.3592798042352
"Wave_2108",-16.3265920066996
"Wave_2109",-14.7561351081475
"Wave_2110",-12.1568349176736
"Wave_2111",-10.8167767817517
"Wave_2112",-8.75728029244648
"Wave_2113",-6.8793954734422
"Wave_2114",-6.08958822732657
"Wave_2115",-5.3514771606237
"Wave_2116",-4.36405744377746
"Wave_2117",-3.33151829730761
"Wave_2118",-1.98323526862609
"Wave_2119",-0.64557810688782
"Wave_2120",0.798629394215057
"Wave_2121",2.16220408040465
"Wave_2122",3.82586589852935
"Wave_2123",4.81053120785911
"Wave_2124",5.23109912421263
"Wave_2125",5.57913684008036
"Wave_2126",6.86391419638315
"Wave_2127",7.97088439339765
"Wave_2128",7.99790244034535
"Wave_2129",8.07057335664486
"Wave_2130",8.68089572933945
"Wave_2131",8.88169145866414
"Wave_2132",9.03405910510534
"Wave_2133",8.83239459592593
"Wave_2134",10.0544453213291
"Wave_2135",12.498985761453
"Wave_2136",12.717120382562
"Wave_2137",12.8008839733003
"Wave_2138",15.1361865368614
"Wave_2139",16.39489506055
"Wave_2140",14.8859868276214
"Wave_2141",13.6421821552123
"Wave_2142",12.6374124934454
"Wave_2143",12.3708346363461
"Wave_2144",11.0872870983343
"Wave_2145",10.2356532858861
"Wave_2146",9.98359304878863
"Wave_2147",10.5548711888881
"Wave_2148",11.6082125738531
"Wave_2149",11.6872098845463
"Wave_2150",13.8669481383398
"Wave_2151",13.9194978757156
"Wave_2152",11.9041166545725
"Wave_2153",8.4162018944135
"Wave_2154",7.43903174345085
"Wave_2155",6.82174407648218
"Wave_2156",7.13293246069503
"Wave_2157",8.17730392205294
"Wave_2158",9.0870918289548
"Wave_2159",9.42981319152741
"Wave_2160",9.90774122431461
"Wave_2161",11.3427091215386
"Wave_2162",10.8237085029931
"Wave_2163",7.97534847345744
"Wave_2164",7.62529416208356
"Wave_2165",7.265276683425
"Wave_2166",7.70013231395965
"Wave_2167",10.6801209133672
"Wave_2168",11.8801850961844
"Wave_2169",12.6968717585633
"Wave_2170",12.6816869751285
"Wave_2171",10.8871095569096
"Wave_2172",10.5330272991375
"Wave_2173",10.8638630040052
"Wave_2174",10.0642037874745
"Wave_2175",9.40836247792863
"Wave_2176",10.9355042858529
"Wave_2177",11.1478990916314
"Wave_2178",10.7835897755262
"Wave_2179",11.7567767173599
"Wave_2180",13.4712893409722
"Wave_2181",13.7942689858393
"Wave_2182",13.4719745807151
"Wave_2183",13.4066533285257
"Wave_2184",13.3843949180599
"Wave_2185",12.5569496260301
"Wave_2186",11.2505323938049
"Wave_2187",10.3623615742297
"Wave_2188",8.51802017253474
"Wave_2189",6.83362039882974
"Wave_2190",5.22127460696133
"Wave_2191",5.45525658071209
"Wave_2192",7.25556483282112
"Wave_2193",7.26414744615025
"Wave_2194",8.57806121784397
"Wave_2195",7.29187414493705
"Wave_2196",5.55157683976961
"Wave_2197",4.49051700471456
"Wave_2198",3.52145984585565
"Wave_2199",4.22012962626805
"Wave_2200",4.83426662174896
"Wave_2201",4.44549093499437
"Wave_2202",1.84668873224946
"Wave_2203",0.149747862027185
"Wave_2204",-0.314401539403736
"Wave_2205",-0.857420863243254
"Wave_2206",-1.80114124519274
"Wave_2207",-1.23397767311307
"Wave_2208",-1.38438535795141
"Wave_2209",-2.12064394032418
"Wave_2210",-3.54982866494341
"Wave_2211",-5.93160098762402
"Wave_2212",-6.2327596426658
"Wave_2213",-5.42497254692901
"Wave_2214",-7.036784477175
"Wave_2215",-8.57669224945614
"Wave_2216",-9.35293213275455
"Wave_2217",-11.3325961121013
"Wave_2218",-14.6395867923474
"Wave_2219",-14.612155121834
"Wave_2220",-14.3572375433082
"Wave_2221",-16.9090440684964
"Wave_2222",-18.0713251175413
"Wave_2223",-17.8006822141275
"Wave_2224",-19.5228332978112
"Wave_2225",-21.7492956605191
"Wave_2226",-22.0381060729481
"Wave_2227",-22.3899319576194
"Wave_2228",-22.9615418434705
"Wave_2229",-23.4687129103079
"Wave_2230",-23.6995964838729
"Wave_2231",-22.7573851462789
"Wave_2232",-20.6379993028889
"Wave_2233",-20.4686113127859
"Wave_2234",-20.4319505117726
"Wave_2235",-19.8334214531067
"Wave_2236",-21.2754451983482
"Wave_2237",-20.5735803010463
"Wave_2238",-16.2610896696649
"Wave_2239",-15.1038083109054
"Wave_2240",-15.5396912649293
"Wave_2241",-15.5782259625115
"Wave_2242",-17.562791929565
"Wave_2243",-17.0884410271061
"Wave_2244",-14.0880015745861
"Wave_2245",-13.790021309252
"Wave_2246",-12.8733382006418
"Wave_2247",-9.8106475477661
"Wave_2248",-6.67079416835576
"Wave_2249",-4.60090309859714
"Wave_2250",-1.8334458087891
"Wave_2251",2.49849057689632
"Wave_2252",5.3543495934008
"Wave_2253",6.71029747742135
"Wave_2254",10.2180352768924
"Wave_2255",13.00159262368
"Wave_2256",14.4538256388821
"Wave_2257",14.3860496276908
"Wave_2258",16.8366093931373
"Wave_2259",19.1073803926588
"Wave_2260",21.648757083777
"Wave_2261",26.8230406255963
"Wave_2262",29.7115159102497
"Wave_2263",31.5946522826776
"Wave_2264",32.2778661370644
"Wave_2265",31.4468856203427
"Wave_2266",31.3810190173795
"Wave_2267",31.0011730201889
"Wave_2268",29.4690732148876
"Wave_2269",27.5528375296243
"Wave_2270",25.5619673829853
"Wave_2271",22.5694957179815
"Wave_2272",19.217442393906
"Wave_2273",16.2139869721839
"Wave_2274",12.3613184379551
"Wave_2275",6.93878120173682
"Wave_2276",1.4960207837033
"Wave_2277",-2.01738301058784
"Wave_2278",-2.15688591518041
"Wave_2279",-6.18157414258082
"Wave_2280",-10.4695819252732
"Wave_2281",-11.8378776051763
"Wave_2282",-17.4166822210724
"Wave_2283",-20.9518096834642
"Wave_2284",-21.7547524690529
"Wave_2285",-25.7804765440849
"Wave_2286",-28.2883152866679
"Wave_2287",-29.8316969281896
"Wave_2288",-30.3034785450879
"Wave_2289",-30.1065981876101
"Wave_2290",-30.517287064453
"Wave_2291",-29.6753134321032
"Wave_2292",-25.6610021324069
"Wave_2293",-24.0272167842704
"Wave_2294",-23.3070620925008
"Wave_2295",-22.4359477878729
"Wave_2296",-22.4198340358127
"Wave_2297",-22.306638747374
"Wave_2298",-21.26630751241
"Wave_2299",-20.8118834591183
"Wave_2300",-22.1996346788165
"Wave_2301",-22.0575743934928
"Wave_2302",-20.8998236260323
"Wave_2303",-20.9640240541119
"Wave_2304",-18.3887502612193
"Wave_2305",-19.4981582506323
"Wave_2306",-25.474799778648
"Wave_2307",-28.9649950429972
"Wave_2308",-33.914443703968
"Wave_2309",-37.2360750710012
"Wave_2310",-38.5615207474358
"Wave_2311",-39.2242499803455
"Wave_2312",-36.2044229480665
"Wave_2313",-37.8743001271492
"Wave_2314",-42.3668829271252
"Wave_2315",-46.1022562106189
"Wave_2316",-47.0889714506989
"Wave_2317",-50.7582125983353
"Wave_2318",-49.5421396067954
"Wave_2319",-44.6199804909083
"Wave_2320",-42.7608071868745
"Wave_2321",-43.8296630450373
"Wave_2322",-43.7443507256421
"Wave_2323",-40.2708355898401
"Wave_2324",-37.0659859981243
"Wave_2325",-34.9967732976706
"Wave_2326",-33.3816619709134
"Wave_2327",-29.7058736681729
"Wave_2328",-24.9872318855406
"Wave_2329",-21.7558281596913
"Wave_2330",-17.1054311001417
"Wave_2331",-14.2222108951678
"Wave_2332",-12.4115400547041
"Wave_2333",-14.9494519434565
"Wave_2334",-10.995810284779
"Wave_2335",-3.08333674035751
"Wave_2336",0.219443422039822
"Wave_2337",4.23824751479505
"Wave_2338",7.4188837412269
"Wave_2339",7.07593853105849
"Wave_2340",10.1075452223141
"Wave_2341",16.9327935426625
"Wave_2342",18.299920304985
"Wave_2343",15.3162905970608
"Wave_2344",17.5962158673722
"Wave_2345",21.3315196449325
"Wave_2346",22.5618752693911
"Wave_2347",25.839289020935
"Wave_2348",27.7466080746537
"Wave_2349",24.6929754648326
"Wave_2350",26.0011643269333
"Wave_2351",32.9881070291118
"Wave_2352",34.7249349731203
"Wave_2353",33.5502341339092
"Wave_2354",33.631617771334
"Wave_2355",31.9361087786508
"Wave_2356",31.8287847274233
"Wave_2357",32.9053827767349
"Wave_2358",33.9341280147968
"Wave_2359",35.5260208497221
"Wave_2360",37.2826226050504
"Wave_2361",39.8236682538781
"Wave_2362",40.5085262559235
"Wave_2363",42.1254073281568
"Wave_2364",40.8671252746998
"Wave_2365",33.7855741139465
"Wave_2366",32.5299308757439
"Wave_2367",33.7321485290709
"Wave_2368",33.0891889706766
"Wave_2369",37.438376362823
"Wave_2370",37.2307870485841
"Wave_2371",28.2013644920294
"Wave_2372",26.1221079373276
"Wave_2373",27.6950590733223
"Wave_2374",27.5009387618508
"Wave_2375",32.9368275803064
"Wave_2376",33.7054261094804
"Wave_2377",26.8901113062779
"Wave_2378",24.7727175164077
"Wave_2379",23.8482809547347
"Wave_2380",24.2722526511732
"Wave_2381",19.9558304954118
"Wave_2382",20.3609482391692
"Wave_2383",25.8039264372518
"Wave_2384",21.1192715833685
"Wave_2385",14.1224246249564
"Wave_2386",13.7385807255741
"Wave_2387",11.8078585506847
"Wave_2388",9.226286069556
"Wave_2389",11.6996909618421
"Wave_2390",10.4636531355392
"Wave_2391",-0.581452051091121
"Wave_2392",-10.0884515333906
"Wave_2393",-15.4753862513151
"Wave_2394",-16.5383440587328
"Wave_2395",-12.0350182272213
"Wave_2396",-8.88916956803901
"Wave_2397",-3.80802077959613
"Wave_2398",0.285440029739332
"Wave_2399",-2.14769438017645
"Wave_2400",-2.16521465605246
