"","LMA_g_DW_m2.11.comps"
"(Intercept)",116.849043062567
"Wave_500",17.9585274024391
"Wave_501",17.9321031308065
"Wave_502",18.148885086518
"Wave_503",17.6562473075298
"Wave_504",16.8809850892294
"Wave_505",16.3739022089681
"Wave_506",15.3037436056635
"Wave_507",14.3085039766763
"Wave_508",13.9002784730644
"Wave_509",14.1245508548963
"Wave_510",14.1340993887777
"Wave_511",13.6130461377224
"Wave_512",12.7897346702149
"Wave_513",12.5409259952437
"Wave_514",12.5765031663389
"Wave_515",11.9485408714347
"Wave_516",11.6301945888286
"Wave_517",11.2820138564155
"Wave_518",10.3642127094945
"Wave_519",9.44970755240416
"Wave_520",8.54168411802093
"Wave_521",7.56807084435565
"Wave_522",6.46900853169712
"Wave_523",5.12465288386646
"Wave_524",3.48067192771454
"Wave_525",1.51392463506614
"Wave_526",-0.337303975396957
"Wave_527",-2.12214269623977
"Wave_528",-4.2108261459258
"Wave_529",-6.55468650100155
"Wave_530",-8.87172616214966
"Wave_531",-10.8201863329637
"Wave_532",-12.5860353962852
"Wave_533",-13.6463286752953
"Wave_534",-13.7710957675047
"Wave_535",-14.0883230066484
"Wave_536",-14.1277124956515
"Wave_537",-13.7704658035883
"Wave_538",-13.69959843773
"Wave_539",-13.0572214892538
"Wave_540",-12.0796890297203
"Wave_541",-11.8932309136776
"Wave_542",-11.6376245752462
"Wave_543",-11.4097928838278
"Wave_544",-11.5636844186489
"Wave_545",-11.6034980315022
"Wave_546",-11.7369921710384
"Wave_547",-12.1580591219473
"Wave_548",-12.5094708773904
"Wave_549",-12.6966592248592
"Wave_550",-12.758888300103
"Wave_551",-13.0091605815761
"Wave_552",-13.0253781355675
"Wave_553",-12.8583362631891
"Wave_554",-13.0124962320891
"Wave_555",-12.955249052506
"Wave_556",-12.6283441510988
"Wave_557",-12.1549021686663
"Wave_558",-11.5691847036999
"Wave_559",-11.0256304721997
"Wave_560",-10.6052279478409
"Wave_561",-9.99285141808783
"Wave_562",-9.1923527530761
"Wave_563",-8.32605419253611
"Wave_564",-7.76101071598724
"Wave_565",-7.25417461691764
"Wave_566",-6.68659425847845
"Wave_567",-6.02868073860914
"Wave_568",-5.38897499735306
"Wave_569",-4.90778767162747
"Wave_570",-4.72325038227087
"Wave_571",-4.49698137704186
"Wave_572",-4.32062341527802
"Wave_573",-4.31502914139342
"Wave_574",-4.19130973600084
"Wave_575",-4.21255538410957
"Wave_576",-4.46681398284418
"Wave_577",-4.49669264182351
"Wave_578",-4.61656787054859
"Wave_579",-4.84173414358158
"Wave_580",-4.8662386940849
"Wave_581",-4.72392441398755
"Wave_582",-4.43944345162619
"Wave_583",-4.05065459090329
"Wave_584",-3.44210339857754
"Wave_585",-2.60947311887753
"Wave_586",-1.59401265080452
"Wave_587",-0.494191016102489
"Wave_588",0.630953559309127
"Wave_589",1.78691655169856
"Wave_590",3.10611847720599
"Wave_591",4.66898398661235
"Wave_592",6.38074592065463
"Wave_593",7.92404956410532
"Wave_594",9.4182734325671
"Wave_595",10.8051329428551
"Wave_596",11.9642485430102
"Wave_597",12.8997074024515
"Wave_598",13.6867972898758
"Wave_599",14.3642644908139
"Wave_600",14.65473154666
"Wave_601",14.6148294852424
"Wave_602",14.3281677371819
"Wave_603",13.8887193453958
"Wave_604",13.2405939977389
"Wave_605",12.3419278004364
"Wave_606",11.1396690515068
"Wave_607",9.83684951576962
"Wave_608",8.60565094249574
"Wave_609",7.58964197020091
"Wave_610",6.32749458724452
"Wave_611",5.13520393731328
"Wave_612",4.40912711486856
"Wave_613",3.93515717979243
"Wave_614",3.58094769140332
"Wave_615",3.32363602628797
"Wave_616",3.40662408107755
"Wave_617",3.61769718369805
"Wave_618",3.9499153035505
"Wave_619",4.63401304377144
"Wave_620",5.35875432572083
"Wave_621",6.18862011598186
"Wave_622",7.32091843957479
"Wave_623",8.25284154496358
"Wave_624",9.1776065046124
"Wave_625",10.330223829237
"Wave_626",11.3955113173302
"Wave_627",12.5075783733843
"Wave_628",13.738682327565
"Wave_629",14.9821089122039
"Wave_630",16.1717931683581
"Wave_631",17.3111195008535
"Wave_632",18.4493706777479
"Wave_633",20.0009355204708
"Wave_634",21.8677646508156
"Wave_635",23.7613279956242
"Wave_636",25.8427322974363
"Wave_637",28.036526492139
"Wave_638",30.3106154665857
"Wave_639",33.0145663526687
"Wave_640",35.6384733056129
"Wave_641",38.0073806741379
"Wave_642",40.6810079354238
"Wave_643",43.094435766247
"Wave_644",45.0886837836087
"Wave_645",46.7942672896841
"Wave_646",47.7399088410554
"Wave_647",47.8105680703689
"Wave_648",47.0064479584916
"Wave_649",45.1522236191966
"Wave_650",42.0876823446001
"Wave_651",37.7647780713169
"Wave_652",32.4169752489323
"Wave_653",26.2678552242653
"Wave_654",19.5214342594282
"Wave_655",12.3628438797889
"Wave_656",5.12996173537505
"Wave_657",-2.02637250742607
"Wave_658",-9.05555978116045
"Wave_659",-15.5137402531629
"Wave_660",-21.4731237968873
"Wave_661",-27.0846517508098
"Wave_662",-32.1301284590319
"Wave_663",-36.5445199208188
"Wave_664",-40.3275470367993
"Wave_665",-43.6620819062403
"Wave_666",-46.4754129017034
"Wave_667",-48.7549522319026
"Wave_668",-50.5910627711746
"Wave_669",-51.8615747720654
"Wave_670",-52.5495160663982
"Wave_671",-52.6710650362042
"Wave_672",-52.0306698038581
"Wave_673",-50.6821999384789
"Wave_674",-48.6499938745384
"Wave_675",-45.5574874564899
"Wave_676",-41.5799377059892
"Wave_677",-36.8250376122633
"Wave_678",-31.2024243150504
"Wave_679",-24.8202010063675
"Wave_680",-17.8689656132545
"Wave_681",-10.6624026698681
"Wave_682",-3.33105508921777
"Wave_683",3.97883699588754
"Wave_684",11.0757712160079
"Wave_685",17.5683846027747
"Wave_686",23.341840018211
"Wave_687",28.2557699409239
"Wave_688",31.9798319472229
"Wave_689",34.5185510796343
"Wave_690",35.8262027642658
"Wave_691",35.7700271638158
"Wave_692",34.4912263949711
"Wave_693",31.989668778397
"Wave_694",28.1813030421337
"Wave_695",23.1495220375363
"Wave_696",17.1433052319872
"Wave_697",10.4229601280813
"Wave_698",3.00907274452884
"Wave_699",-4.87624084981516
"Wave_700",-12.9459859206431
"Wave_701",-20.8462153067451
"Wave_702",-28.1110572009427
"Wave_703",-34.5718474392923
"Wave_704",-40.3780820495443
"Wave_705",-44.7880447824435
"Wave_706",-47.8772656867553
"Wave_707",-50.0006928197303
"Wave_708",-50.6195283521976
"Wave_709",-49.7850935600675
"Wave_710",-47.623818302876
"Wave_711",-44.0778196371402
"Wave_712",-39.4217303986435
"Wave_713",-33.8276706950953
"Wave_714",-27.2558966528941
"Wave_715",-19.9554414337796
"Wave_716",-12.2229482647237
"Wave_717",-4.37216989322768
"Wave_718",3.53334328488394
"Wave_719",11.286900618701
"Wave_720",18.7006050003522
"Wave_721",25.6450223315771
"Wave_722",31.863332630991
"Wave_723",37.230512508034
"Wave_724",41.8404346259301
"Wave_725",45.6417156452287
"Wave_726",48.5953577113274
"Wave_727",50.6497951808062
"Wave_728",51.8627658245331
"Wave_729",52.3859753600517
"Wave_730",52.3863893228471
"Wave_731",51.7731492813046
"Wave_732",50.5489430701988
"Wave_733",48.7846073698379
"Wave_734",46.7338565710618
"Wave_735",44.3386273691032
"Wave_736",41.5811689616166
"Wave_737",38.4584303307703
"Wave_738",35.2915217531867
"Wave_739",32.1015039926269
"Wave_740",28.7428737786787
"Wave_741",25.1723536546549
"Wave_742",21.6106000820368
"Wave_743",18.1961702265761
"Wave_744",14.3989706861789
"Wave_745",10.541466316522
"Wave_746",6.8242378230928
"Wave_747",3.15049457782071
"Wave_748",-0.45178824711067
"Wave_749",-3.93477472983148
"Wave_750",-7.23124282627205
"Wave_751",-10.4032558641411
"Wave_752",-13.3710112831559
"Wave_753",-16.0482139304501
"Wave_754",-18.6306695598194
"Wave_755",-20.9486859400387
"Wave_756",-22.9010772608336
"Wave_757",-24.6512835275792
"Wave_758",-26.1277279293446
"Wave_759",-27.2654161062881
"Wave_760",-27.9971203767302
"Wave_761",-28.3279519340687
"Wave_762",-28.3607561109263
"Wave_763",-28.2104363697852
"Wave_764",-27.7375430519306
"Wave_765",-26.9314202737298
"Wave_766",-25.8552805338205
"Wave_767",-24.7547641168976
"Wave_768",-23.4698313794044
"Wave_769",-21.9914029290744
"Wave_770",-20.4974149413041
"Wave_771",-18.9283911572608
"Wave_772",-17.3031885468622
"Wave_773",-15.6822224260753
"Wave_774",-14.1987068607601
"Wave_775",-12.7663984240775
"Wave_776",-11.3566556402877
"Wave_777",-10.2949846339111
"Wave_778",-9.32400509617841
"Wave_779",-8.36523278852633
"Wave_780",-7.61481852329126
"Wave_781",-6.74774668948733
"Wave_782",-5.91827535405835
"Wave_783",-5.48133345628615
"Wave_784",-4.99713042283922
"Wave_785",-4.49583742639386
"Wave_786",-4.08633537400088
"Wave_787",-3.82882071863419
"Wave_788",-3.63065629095338
"Wave_789",-3.47094339656144
"Wave_790",-3.47074765725085
"Wave_791",-3.37119737187223
"Wave_792",-3.22354773123281
"Wave_793",-3.23589507374311
"Wave_794",-3.18486007349983
"Wave_795",-3.10444752669535
"Wave_796",-3.07068564305465
"Wave_797",-3.12202589288544
"Wave_798",-3.07707096536845
"Wave_799",-2.92417993975967
"Wave_800",-2.96611837013134
"Wave_801",-3.07621043661494
"Wave_802",-3.14647157149071
"Wave_803",-3.06913583591894
"Wave_804",-3.08288332609777
"Wave_805",-3.14421814247582
"Wave_806",-3.15572228041973
"Wave_807",-3.08081234094738
"Wave_808",-2.97012725905144
"Wave_809",-2.84116877855774
"Wave_810",-2.63468272174693
"Wave_811",-2.52398056628795
"Wave_812",-2.47842906863572
"Wave_813",-2.35867946842739
"Wave_814",-2.28407062719839
"Wave_815",-2.23286209476115
"Wave_816",-2.15643387783104
"Wave_817",-2.03387840662948
"Wave_818",-1.85045911564301
"Wave_819",-1.6247217363156
"Wave_820",-1.44245603450785
"Wave_821",-1.19523130212822
"Wave_822",-0.925716529584384
"Wave_823",-0.750881339010729
"Wave_824",-0.62750923182092
"Wave_825",-0.406858392317291
"Wave_826",-0.00926034746547422
"Wave_827",0.292221136871186
"Wave_828",0.485255965475159
"Wave_829",0.668962904688324
"Wave_830",1.1318360848956
"Wave_831",1.45786758306299
"Wave_832",1.63519746323758
"Wave_833",1.84202325254437
"Wave_834",2.12059616987729
"Wave_835",2.41882398866542
"Wave_836",2.67117112992214
"Wave_837",2.83561536341545
"Wave_838",3.07305150154454
"Wave_839",3.39224718145893
"Wave_840",3.60129359353414
"Wave_841",3.73852541889716
"Wave_842",3.87987853006442
"Wave_843",4.11495433031653
"Wave_844",4.38450253770646
"Wave_845",4.59331495394667
"Wave_846",4.72092398519905
"Wave_847",4.99020240630452
"Wave_848",5.19606525739942
"Wave_849",5.27399467476717
"Wave_850",5.29510424977294
"Wave_851",5.38418525173778
"Wave_852",5.43863829778551
"Wave_853",5.33432162104059
"Wave_854",5.43780382802961
"Wave_855",5.5979769829496
"Wave_856",5.68230535287445
"Wave_857",5.7390178308257
"Wave_858",5.70357300298664
"Wave_859",5.56803133901369
"Wave_860",5.37572550926394
"Wave_861",5.51455447043188
"Wave_862",5.66378209827878
"Wave_863",5.46199983453815
"Wave_864",5.41350145920865
"Wave_865",5.4249090138641
"Wave_866",5.3685769984821
"Wave_867",5.08371602817124
"Wave_868",4.84330818991048
"Wave_869",4.69498001063539
"Wave_870",4.55521166335124
"Wave_871",4.18334430125532
"Wave_872",3.83514068949007
"Wave_873",3.70288143835136
"Wave_874",3.37614518693185
"Wave_875",3.02626912607981
"Wave_876",2.73776117642975
"Wave_877",2.48106683502443
"Wave_878",2.22985909210813
"Wave_879",1.96263071762036
"Wave_880",1.67319051868303
"Wave_881",1.44835031729832
"Wave_882",1.26191942022419
"Wave_883",1.05760211299145
"Wave_884",0.727724476989723
"Wave_885",0.423973320605127
"Wave_886",0.257697768915589
"Wave_887",0.306823367459016
"Wave_888",0.21252964150309
"Wave_889",0.112131800577546
"Wave_890",0.195465401262689
"Wave_891",0.207970573426932
"Wave_892",0.362331089919212
"Wave_893",0.655631495921254
"Wave_894",0.661280681791518
"Wave_895",0.85924593355625
"Wave_896",1.2084559398363
"Wave_897",1.44400401524772
"Wave_898",1.62903250465892
"Wave_899",1.83041357606098
"Wave_900",2.13391238445285
"Wave_901",2.70226239930749
"Wave_902",3.20777097280281
"Wave_903",3.54503961291025
"Wave_904",3.81353528326493
"Wave_905",4.09855789170921
"Wave_906",4.5240926847382
"Wave_907",5.12301624062412
"Wave_908",5.42917404095394
"Wave_909",5.70243812493348
"Wave_910",6.0293519498875
"Wave_911",6.07472461149996
"Wave_912",6.2692741082271
"Wave_913",6.58387147765448
"Wave_914",6.76925545324203
"Wave_915",6.79644091884848
"Wave_916",6.74533055827702
"Wave_917",6.68445775126554
"Wave_918",6.56710046537841
"Wave_919",6.50095190553574
"Wave_920",6.42386247020801
"Wave_921",6.11995853549394
"Wave_922",5.85018216342569
"Wave_923",5.58759812404439
"Wave_924",5.29594595595648
"Wave_925",5.33473880999425
"Wave_926",5.2090417715142
"Wave_927",4.77456095632643
"Wave_928",4.49852594664208
"Wave_929",4.25268218454726
"Wave_930",3.96006455709064
"Wave_931",3.5585236078289
"Wave_932",3.12180808935407
"Wave_933",2.80931211095021
"Wave_934",2.61837571155965
"Wave_935",2.11882441397731
"Wave_936",1.58099009130971
"Wave_937",1.16261256164411
"Wave_938",0.937676718143074
"Wave_939",0.44370571015844
"Wave_940",-0.122911460993008
"Wave_941",-0.505041275166515
"Wave_942",-0.795788162203226
"Wave_943",-1.06326244265849
"Wave_944",-1.37278685240075
"Wave_945",-1.79038419194397
"Wave_946",-2.08166337526969
"Wave_947",-2.2695817195164
"Wave_948",-2.48287236283494
"Wave_949",-2.94702817657396
"Wave_950",-3.3000148425708
"Wave_951",-3.38800172426906
"Wave_952",-3.46633206170279
"Wave_953",-3.55752451118889
"Wave_954",-3.71438683736261
"Wave_955",-3.94702432359392
"Wave_956",-3.8587389473932
"Wave_957",-3.93899017101249
"Wave_958",-4.33439157754847
"Wave_959",-4.06265318895944
"Wave_960",-3.8442799178397
"Wave_961",-3.80214496491174
"Wave_962",-3.70934363161531
"Wave_963",-3.68620608968045
"Wave_964",-3.55633363459531
"Wave_965",-3.23268188440842
"Wave_966",-3.09049532839675
"Wave_967",-2.91838861091685
"Wave_968",-2.64678743431068
"Wave_969",-2.33244924323872
"Wave_970",-1.83696262038278
"Wave_971",-1.38128518210296
"Wave_972",-1.14003539845225
"Wave_973",-0.693361097955003
"Wave_974",-0.106940985642269
"Wave_975",0.429480644940008
"Wave_976",0.583710120363822
"Wave_977",0.858720320531828
"Wave_978",1.26956315349986
"Wave_979",1.7116799485044
"Wave_980",2.36486233860492
"Wave_981",2.92608304122471
"Wave_982",3.24052384766309
"Wave_983",3.39884411606942
"Wave_984",3.84276775775711
"Wave_985",4.19007944324529
"Wave_986",3.89797086470336
"Wave_987",3.88090476781763
"Wave_988",4.2888256909602
"Wave_989",4.84929542758445
"Wave_990",4.54522202951558
"Wave_991",4.64440714299032
"Wave_992",4.9029488578198
"Wave_993",4.53780443734183
"Wave_994",4.56329728545204
"Wave_995",4.84560453377732
"Wave_996",5.06247913245575
"Wave_997",4.72359157656525
"Wave_998",4.58933039260986
"Wave_999",4.3806125826057
"Wave_1000",3.48829817505669
"Wave_1001",2.92520912749999
"Wave_1002",2.68629805758087
"Wave_1003",2.25979473172202
"Wave_1004",1.572278771117
"Wave_1005",1.33503152683903
"Wave_1006",1.13500773550729
"Wave_1007",1.22077662337072
"Wave_1008",1.82189834894812
"Wave_1009",2.0313380548054
"Wave_1010",2.39482878292596
"Wave_1011",2.32168170188827
"Wave_1012",1.90017611074057
"Wave_1013",1.54808838133048
"Wave_1014",0.558876776507248
"Wave_1015",0.284614684463548
"Wave_1016",0.634289536275349
"Wave_1017",0.636973429854568
"Wave_1018",0.665362784448521
"Wave_1019",1.02480077639153
"Wave_1020",1.06436768009213
"Wave_1021",0.800092860853402
"Wave_1022",0.627383659727124
"Wave_1023",0.522563536873781
"Wave_1024",0.354691055532037
"Wave_1025",-0.0343191859685739
"Wave_1026",-0.271801914672932
"Wave_1027",-0.356668007957964
"Wave_1028",-0.519577319081178
"Wave_1029",-0.601991847481318
"Wave_1030",-0.840702221351981
"Wave_1031",-1.14574437050993
"Wave_1032",-1.56983850406671
"Wave_1033",-1.94446914897491
"Wave_1034",-2.46222573745273
"Wave_1035",-2.79067051828858
"Wave_1036",-3.17717244935649
"Wave_1037",-3.21382698329726
"Wave_1038",-2.79000304478023
"Wave_1039",-2.87464613749777
"Wave_1040",-2.99103393793148
"Wave_1041",-3.10655334337565
"Wave_1042",-3.60962900407836
"Wave_1043",-3.89913600016067
"Wave_1044",-3.95665878318856
"Wave_1045",-4.05440314967179
"Wave_1046",-4.15524885535201
"Wave_1047",-4.34376160364291
"Wave_1048",-4.37518504979892
"Wave_1049",-4.27006408490257
"Wave_1050",-4.2855123458062
"Wave_1051",-4.29665710522662
"Wave_1052",-4.33776298432252
"Wave_1053",-4.31490501709752
"Wave_1054",-4.51040473579701
"Wave_1055",-4.93123047883182
"Wave_1056",-5.12761958706309
"Wave_1057",-5.44106448703916
"Wave_1058",-5.61122779155695
"Wave_1059",-5.44317683990178
"Wave_1060",-5.47402379598066
"Wave_1061",-5.72677450523088
"Wave_1062",-5.71305538810778
"Wave_1063",-5.80714030014294
"Wave_1064",-5.92356465701665
"Wave_1065",-6.10285336424123
"Wave_1066",-6.35464743849942
"Wave_1067",-6.44488864844143
"Wave_1068",-6.4771560195874
"Wave_1069",-6.59353705733623
"Wave_1070",-6.59189738044583
"Wave_1071",-6.70242300308118
"Wave_1072",-7.08334585163595
"Wave_1073",-7.23393068006479
"Wave_1074",-7.06619072809567
"Wave_1075",-7.19867370542072
"Wave_1076",-7.45616215969977
"Wave_1077",-7.79192636379704
"Wave_1078",-7.83558204774436
"Wave_1079",-7.88831782191697
"Wave_1080",-8.04505632888538
"Wave_1081",-7.76626541317304
"Wave_1082",-8.08834745100586
"Wave_1083",-9.27989590932463
"Wave_1084",-9.49510159923588
"Wave_1085",-9.2312757300205
"Wave_1086",-9.39087115685589
"Wave_1087",-9.18509821395127
"Wave_1088",-9.28271781064562
"Wave_1089",-10.0044145705071
"Wave_1090",-10.4070721846789
"Wave_1091",-10.7584365220181
"Wave_1092",-10.7774954478304
"Wave_1093",-10.9110127610764
"Wave_1094",-11.4082943007918
"Wave_1095",-11.5123102783697
"Wave_1096",-11.4407448517061
"Wave_1097",-11.5007419880267
"Wave_1098",-11.3862571278679
"Wave_1099",-11.4300984919758
"Wave_1100",-11.7030626363271
"Wave_1101",-11.8872468483882
"Wave_1102",-12.0145360929331
"Wave_1103",-12.1340412482091
"Wave_1104",-12.3441483812491
"Wave_1105",-12.4198408747834
"Wave_1106",-12.3715855925708
"Wave_1107",-12.4377524846136
"Wave_1108",-12.2948376543386
"Wave_1109",-12.0227098837646
"Wave_1110",-12.0298993910007
"Wave_1111",-11.9767195039118
"Wave_1112",-11.7840305507796
"Wave_1113",-11.5981704656103
"Wave_1114",-11.3775711549365
"Wave_1115",-11.0131917977442
"Wave_1116",-10.6799226152156
"Wave_1117",-10.4056414694376
"Wave_1118",-10.1183076949159
"Wave_1119",-9.72439558300868
"Wave_1120",-9.33183930452783
"Wave_1121",-9.02154536129457
"Wave_1122",-8.69679408026116
"Wave_1123",-8.36500758012376
"Wave_1124",-7.90157139933495
"Wave_1125",-7.54467903109945
"Wave_1126",-7.11533568436067
"Wave_1127",-6.61683173560491
"Wave_1128",-6.28567674790924
"Wave_1129",-5.94477637648144
"Wave_1130",-5.67135979196773
"Wave_1131",-5.31923428698342
"Wave_1132",-4.94292707877684
"Wave_1133",-4.63476755583614
"Wave_1134",-4.40727650438743
"Wave_1135",-4.02372076104293
"Wave_1136",-3.506669389474
"Wave_1137",-3.11481757711255
"Wave_1138",-2.63900009173632
"Wave_1139",-2.3543823197591
"Wave_1140",-1.98584794686878
"Wave_1141",-1.63985146024546
"Wave_1142",-1.51080540176846
"Wave_1143",-1.21231860797944
"Wave_1144",-0.704847698021519
"Wave_1145",-0.484526284111296
"Wave_1146",-0.169994533862271
"Wave_1147",0.444067608719338
"Wave_1148",0.747824685367919
"Wave_1149",0.700186577691905
"Wave_1150",0.868621954682051
"Wave_1151",1.07604788944318
"Wave_1152",1.26843878058862
"Wave_1153",1.54036367273127
"Wave_1154",1.70320097533843
"Wave_1155",1.85907790617469
"Wave_1156",1.88391294993319
"Wave_1157",1.85262010568934
"Wave_1158",1.99825544623566
"Wave_1159",2.27004071211268
"Wave_1160",2.41966767860675
"Wave_1161",2.38746198998749
"Wave_1162",2.4387438359315
"Wave_1163",2.53530216973841
"Wave_1164",2.52081369574513
"Wave_1165",2.55057153196175
"Wave_1166",2.62708308101434
"Wave_1167",2.84979161307554
"Wave_1168",3.18361042871124
"Wave_1169",3.34610313237433
"Wave_1170",3.51689432711636
"Wave_1171",3.76620914123685
"Wave_1172",3.88762550527765
"Wave_1173",4.05301725323203
"Wave_1174",4.4184210184972
"Wave_1175",4.86713308832808
"Wave_1176",5.20039715664136
"Wave_1177",5.41970602046475
"Wave_1178",5.63486654669672
"Wave_1179",5.95402662077307
"Wave_1180",6.25880354352355
"Wave_1181",6.6713910876231
"Wave_1182",7.29868775587555
"Wave_1183",7.677583766536
"Wave_1184",8.08611361622601
"Wave_1185",8.58089276148172
"Wave_1186",8.85610755224065
"Wave_1187",8.90410178661718
"Wave_1188",9.12534801700128
"Wave_1189",9.39953942229721
"Wave_1190",9.4286908448417
"Wave_1191",9.35234817383679
"Wave_1192",9.34387947383434
"Wave_1193",9.20628067901008
"Wave_1194",8.79048660750426
"Wave_1195",8.38259902343479
"Wave_1196",8.19686696021293
"Wave_1197",7.86954629360274
"Wave_1198",7.29567239860958
"Wave_1199",6.86166200523139
"Wave_1200",6.63188903885989
"Wave_1201",6.38953037897395
"Wave_1202",6.21512934159649
"Wave_1203",6.19100798743884
"Wave_1204",6.15892427988663
"Wave_1205",6.22229602496147
"Wave_1206",6.29198924775111
"Wave_1207",6.55368313595894
"Wave_1208",6.96702796541728
"Wave_1209",7.46251717685547
"Wave_1210",8.02704978100892
"Wave_1211",8.72878506655461
"Wave_1212",9.26897068173752
"Wave_1213",9.66035008052626
"Wave_1214",10.0974302122623
"Wave_1215",10.5019435419081
"Wave_1216",11.0026911208744
"Wave_1217",11.541733806257
"Wave_1218",11.9413210259759
"Wave_1219",12.2559968226968
"Wave_1220",12.5301959626169
"Wave_1221",12.8729910890887
"Wave_1222",13.154281218808
"Wave_1223",13.2556455989914
"Wave_1224",13.3969764290081
"Wave_1225",13.4559738631338
"Wave_1226",13.5978683580511
"Wave_1227",13.8173392648388
"Wave_1228",13.9289199501803
"Wave_1229",13.8461646254108
"Wave_1230",13.6917214484376
"Wave_1231",13.4853665121158
"Wave_1232",13.4072699986588
"Wave_1233",13.3340962305314
"Wave_1234",13.1164278599269
"Wave_1235",12.8193041070825
"Wave_1236",12.4388608715211
"Wave_1237",12.2141061942425
"Wave_1238",11.9745705263825
"Wave_1239",11.405496410386
"Wave_1240",11.0225221338935
"Wave_1241",10.921190519623
"Wave_1242",10.6642252700982
"Wave_1243",10.37426108053
"Wave_1244",10.1633952964029
"Wave_1245",9.93464986314643
"Wave_1246",9.53938917869636
"Wave_1247",9.18628037186613
"Wave_1248",9.02864210237846
"Wave_1249",8.85517090452924
"Wave_1250",8.50824408949378
"Wave_1251",8.21266867066472
"Wave_1252",8.07296125132314
"Wave_1253",7.84188017334177
"Wave_1254",7.47165010385782
"Wave_1255",7.26178285220664
"Wave_1256",7.06750854345773
"Wave_1257",6.63621201585093
"Wave_1258",6.20735869556056
"Wave_1259",5.91463886279051
"Wave_1260",5.73621559861468
"Wave_1261",5.53298453680399
"Wave_1262",5.26084879374907
"Wave_1263",5.01601148158568
"Wave_1264",4.69667244593414
"Wave_1265",4.3808614689831
"Wave_1266",4.07720617628559
"Wave_1267",3.9022507513803
"Wave_1268",3.60295862904652
"Wave_1269",3.19926321365788
"Wave_1270",2.82359205921007
"Wave_1271",2.41778209440275
"Wave_1272",1.97962886469471
"Wave_1273",1.60069827091689
"Wave_1274",1.15950007060419
"Wave_1275",0.709913820949814
"Wave_1276",0.389567279754898
"Wave_1277",-0.0145606294305247
"Wave_1278",-0.482119997969908
"Wave_1279",-0.910204272495482
"Wave_1280",-1.43648989447788
"Wave_1281",-1.92359770009836
"Wave_1282",-2.2035004438637
"Wave_1283",-2.55958628009545
"Wave_1284",-3.07374249527724
"Wave_1285",-3.40796079291666
"Wave_1286",-3.68209966695673
"Wave_1287",-4.12273868102873
"Wave_1288",-4.55336784763734
"Wave_1289",-4.89082121884912
"Wave_1290",-5.23932143485467
"Wave_1291",-5.56393279898312
"Wave_1292",-5.88202375421588
"Wave_1293",-6.23559428215026
"Wave_1294",-6.46795888289286
"Wave_1295",-6.77583307232607
"Wave_1296",-7.21310057840576
"Wave_1297",-7.31725119745059
"Wave_1298",-7.33378605808169
"Wave_1299",-7.85314211401857
"Wave_1300",-8.32099066405902
"Wave_1301",-8.39726567865252
"Wave_1302",-8.61326681543244
"Wave_1303",-8.89227496376959
"Wave_1304",-8.95707461230323
"Wave_1305",-9.05383975812474
"Wave_1306",-9.31419603393029
"Wave_1307",-9.53350218746585
"Wave_1308",-9.65752090112931
"Wave_1309",-9.88197588294899
"Wave_1310",-10.0804088699322
"Wave_1311",-10.1649699013086
"Wave_1312",-10.1471628042899
"Wave_1313",-10.208060446623
"Wave_1314",-10.2374306960595
"Wave_1315",-10.1436073684647
"Wave_1316",-10.243262600168
"Wave_1317",-10.2870546856373
"Wave_1318",-10.138017966051
"Wave_1319",-10.0265058569819
"Wave_1320",-9.89278116098701
"Wave_1321",-9.71171247768139
"Wave_1322",-9.57091513285499
"Wave_1323",-9.48512598031375
"Wave_1324",-9.30181386337751
"Wave_1325",-9.02995456412122
"Wave_1326",-8.72829785005363
"Wave_1327",-8.28404970767597
"Wave_1328",-7.91116787651244
"Wave_1329",-7.66577429621452
"Wave_1330",-7.22099555085679
"Wave_1331",-6.72362505715067
"Wave_1332",-6.40459679589905
"Wave_1333",-5.94710949304853
"Wave_1334",-5.3388930114298
"Wave_1335",-4.89226253645611
"Wave_1336",-4.42988010085692
"Wave_1337",-3.91607577478561
"Wave_1338",-3.29342723971874
"Wave_1339",-2.68056643587402
"Wave_1340",-2.12102866974238
"Wave_1341",-1.53244560068579
"Wave_1342",-0.741331894661024
"Wave_1343",-0.0914390196818167
"Wave_1344",0.478695654913655
"Wave_1345",1.23636858164938
"Wave_1346",1.87871140744009
"Wave_1347",2.34399693839022
"Wave_1348",3.01938283061552
"Wave_1349",3.97240443216199
"Wave_1350",4.75876904058759
"Wave_1351",5.33556141895703
"Wave_1352",6.04805077099207
"Wave_1353",6.80495155412935
"Wave_1354",7.541082885365
"Wave_1355",8.21212093893413
"Wave_1356",8.85774094818249
"Wave_1357",9.51887968851478
"Wave_1358",10.0191138587506
"Wave_1359",10.4477976826312
"Wave_1360",10.8718995668288
"Wave_1361",11.2040580123116
"Wave_1362",11.279330850107
"Wave_1363",11.367682033696
"Wave_1364",11.538989194147
"Wave_1365",11.6366121552939
"Wave_1366",11.6716042564693
"Wave_1367",11.4405990665418
"Wave_1368",11.1050193955778
"Wave_1369",10.7081936566688
"Wave_1370",10.2286079096625
"Wave_1371",9.72346997945737
"Wave_1372",9.28580823354293
"Wave_1373",8.80537515656658
"Wave_1374",8.05651281906517
"Wave_1375",7.24815403466077
"Wave_1376",6.50356687298855
"Wave_1377",5.69793518415846
"Wave_1378",4.80025261427715
"Wave_1379",3.92146743220569
"Wave_1380",3.01852922907588
"Wave_1381",2.05317661976399
"Wave_1382",1.11074695367622
"Wave_1383",0.111693769148264
"Wave_1384",-0.782487156357649
"Wave_1385",-1.56668191579048
"Wave_1386",-2.4655998308452
"Wave_1387",-3.35849282550147
"Wave_1388",-4.14475396864775
"Wave_1389",-4.80731064745222
"Wave_1390",-5.44956048121635
"Wave_1391",-6.00964545753051
"Wave_1392",-6.55615477967673
"Wave_1393",-7.03257972581482
"Wave_1394",-7.51421058828777
"Wave_1395",-7.96264304425652
"Wave_1396",-8.40295293155098
"Wave_1397",-8.82446544464478
"Wave_1398",-9.29104068227577
"Wave_1399",-9.8076506377766
"Wave_1400",-10.2297215635181
"Wave_1401",-10.6365077118114
"Wave_1402",-11.1919543382783
"Wave_1403",-11.7522409395415
"Wave_1404",-12.1839817955677
"Wave_1405",-12.6357663425552
"Wave_1406",-13.1360945807125
"Wave_1407",-13.7110194089893
"Wave_1408",-14.3572541200832
"Wave_1409",-14.9376888743184
"Wave_1410",-15.4859376839405
"Wave_1411",-16.0877543900257
"Wave_1412",-16.71076935843
"Wave_1413",-17.3005912955495
"Wave_1414",-17.8854077387641
"Wave_1415",-18.4243390104289
"Wave_1416",-18.8635432300817
"Wave_1417",-19.25955157316
"Wave_1418",-19.5766324096872
"Wave_1419",-19.7930548220938
"Wave_1420",-20.0697280626054
"Wave_1421",-20.3543882390529
"Wave_1422",-20.4507050051608
"Wave_1423",-20.5047621121111
"Wave_1424",-20.4960036563998
"Wave_1425",-20.4407076561198
"Wave_1426",-20.2764886058579
"Wave_1427",-20.1366991068475
"Wave_1428",-19.9719864546617
"Wave_1429",-19.8215504255532
"Wave_1430",-19.6196551351424
"Wave_1431",-19.4465108980854
"Wave_1432",-19.3131682940267
"Wave_1433",-19.176864802598
"Wave_1434",-18.9929827935141
"Wave_1435",-18.9144622537017
"Wave_1436",-18.8308617711167
"Wave_1437",-18.6958749664817
"Wave_1438",-18.5129208329723
"Wave_1439",-18.4116449850659
"Wave_1440",-18.4542914994481
"Wave_1441",-18.4187412090604
"Wave_1442",-18.2986478370392
"Wave_1443",-18.1779388091807
"Wave_1444",-18.0331192941119
"Wave_1445",-17.9404951277109
"Wave_1446",-17.8611087798901
"Wave_1447",-17.7219658553778
"Wave_1448",-17.559411942573
"Wave_1449",-17.3655420384262
"Wave_1450",-17.198124485577
"Wave_1451",-17.0346530202461
"Wave_1452",-16.8265804342977
"Wave_1453",-16.5923025411979
"Wave_1454",-16.3895634285436
"Wave_1455",-16.2197890315604
"Wave_1456",-15.9880908337276
"Wave_1457",-15.7425477893744
"Wave_1458",-15.4086363557296
"Wave_1459",-15.0262819091975
"Wave_1460",-14.6718448989034
"Wave_1461",-14.2545865799023
"Wave_1462",-13.8435358120473
"Wave_1463",-13.4041239401054
"Wave_1464",-13.005893327394
"Wave_1465",-12.6400866293263
"Wave_1466",-12.2367983565577
"Wave_1467",-11.8207691088954
"Wave_1468",-11.4197078015313
"Wave_1469",-11.0108864912175
"Wave_1470",-10.5934111159999
"Wave_1471",-10.1955460339065
"Wave_1472",-9.78704775504293
"Wave_1473",-9.33344753359901
"Wave_1474",-8.89099571305483
"Wave_1475",-8.4329733838332
"Wave_1476",-8.07415021895395
"Wave_1477",-7.76054166493317
"Wave_1478",-7.44717545602629
"Wave_1479",-7.21507141731901
"Wave_1480",-6.97784704332752
"Wave_1481",-6.7359475830592
"Wave_1482",-6.54496080737403
"Wave_1483",-6.37662748237218
"Wave_1484",-6.20324854181082
"Wave_1485",-6.04969562756127
"Wave_1486",-5.99633798930909
"Wave_1487",-5.97864558239022
"Wave_1488",-5.91499716295722
"Wave_1489",-5.86443383921438
"Wave_1490",-5.9116251363853
"Wave_1491",-6.01468710415247
"Wave_1492",-6.06448844770583
"Wave_1493",-6.02504019533249
"Wave_1494",-5.97220472740537
"Wave_1495",-5.97181885250952
"Wave_1496",-5.91836173125218
"Wave_1497",-5.96804609603381
"Wave_1498",-6.16877113949498
"Wave_1499",-6.2593440160649
"Wave_1500",-6.29891789090431
"Wave_1501",-6.32475373946928
"Wave_1502",-6.33090059618625
"Wave_1503",-6.35544238530444
"Wave_1504",-6.39613428604112
"Wave_1505",-6.56711129988049
"Wave_1506",-6.71572003579838
"Wave_1507",-6.7107079534115
"Wave_1508",-6.78623344954919
"Wave_1509",-6.89247362284993
"Wave_1510",-6.91560970913817
"Wave_1511",-7.02513157048557
"Wave_1512",-7.22792844232914
"Wave_1513",-7.32281119805171
"Wave_1514",-7.3209357310232
"Wave_1515",-7.34289785217022
"Wave_1516",-7.2585615383522
"Wave_1517",-7.26026958786502
"Wave_1518",-7.36447313241856
"Wave_1519",-7.35073293302216
"Wave_1520",-7.2689174014497
"Wave_1521",-7.28012034111459
"Wave_1522",-7.29943615525029
"Wave_1523",-7.28178723922311
"Wave_1524",-7.30199823000817
"Wave_1525",-7.29608747381742
"Wave_1526",-7.239189086209
"Wave_1527",-7.16178218036207
"Wave_1528",-7.10822962857291
"Wave_1529",-7.04029192611909
"Wave_1530",-6.8932080622695
"Wave_1531",-6.78228400565547
"Wave_1532",-6.71930216493094
"Wave_1533",-6.62521241561798
"Wave_1534",-6.5483104934465
"Wave_1535",-6.37297269071061
"Wave_1536",-6.13454740149825
"Wave_1537",-5.93891134015778
"Wave_1538",-5.69936397891905
"Wave_1539",-5.42305899782893
"Wave_1540",-5.2803751251832
"Wave_1541",-5.07559394894995
"Wave_1542",-4.69499334940766
"Wave_1543",-4.39336744077905
"Wave_1544",-4.1776110770385
"Wave_1545",-3.94148745826544
"Wave_1546",-3.78763177741268
"Wave_1547",-3.65773388762249
"Wave_1548",-3.38250379202091
"Wave_1549",-3.1074245326885
"Wave_1550",-2.91767507403902
"Wave_1551",-2.64527577890418
"Wave_1552",-2.4002170039963
"Wave_1553",-2.29508087139097
"Wave_1554",-2.16449096854014
"Wave_1555",-1.96128868840718
"Wave_1556",-1.80640825562954
"Wave_1557",-1.69564635810008
"Wave_1558",-1.47211284041071
"Wave_1559",-1.24882659606999
"Wave_1560",-1.18462239681759
"Wave_1561",-1.04893277892679
"Wave_1562",-0.864779879652001
"Wave_1563",-0.797936697522819
"Wave_1564",-0.692714025934041
"Wave_1565",-0.443475891596802
"Wave_1566",-0.12381995347001
"Wave_1567",0.00443223401709325
"Wave_1568",0.0203132127864829
"Wave_1569",0.156534568665372
"Wave_1570",0.297656163610498
"Wave_1571",0.480296873900679
"Wave_1572",0.790556512370846
"Wave_1573",1.07116727558331
"Wave_1574",1.20183996757177
"Wave_1575",1.30709312603206
"Wave_1576",1.53579424866863
"Wave_1577",1.86761235605658
"Wave_1578",2.20375379878358
"Wave_1579",2.49510098459706
"Wave_1580",2.74780512608096
"Wave_1581",3.05007580997612
"Wave_1582",3.37625715133916
"Wave_1583",3.60393085348153
"Wave_1584",3.8105181590293
"Wave_1585",4.07218098587433
"Wave_1586",4.31497388806753
"Wave_1587",4.5609104061361
"Wave_1588",4.8168856662613
"Wave_1589",4.90533702055473
"Wave_1590",4.92998560838905
"Wave_1591",5.13738525966901
"Wave_1592",5.36059860176264
"Wave_1593",5.39499428913736
"Wave_1594",5.37513524674279
"Wave_1595",5.36580421837727
"Wave_1596",5.31594670761267
"Wave_1597",5.3696728433642
"Wave_1598",5.58778770492081
"Wave_1599",5.69171927440546
"Wave_1600",5.61755287126516
"Wave_1601",5.66235259312675
"Wave_1602",5.73754338592817
"Wave_1603",5.7193405566872
"Wave_1604",5.79558347330097
"Wave_1605",5.88149921898599
"Wave_1606",5.8580881779711
"Wave_1607",5.86736147114768
"Wave_1608",5.97116419530766
"Wave_1609",6.06630288154725
"Wave_1610",6.1446445226505
"Wave_1611",6.19979773593268
"Wave_1612",6.19848709330145
"Wave_1613",6.21570926261366
"Wave_1614",6.264618190723
"Wave_1615",6.35975463151285
"Wave_1616",6.38961302893202
"Wave_1617",6.4036695642633
"Wave_1618",6.58619635194584
"Wave_1619",6.64699412444003
"Wave_1620",6.61432141765089
"Wave_1621",6.69090697384496
"Wave_1622",6.70102310162196
"Wave_1623",6.78359476957241
"Wave_1624",7.08121156421498
"Wave_1625",7.36645541361665
"Wave_1626",7.55657946685585
"Wave_1627",7.80651158032809
"Wave_1628",8.09613593329034
"Wave_1629",8.39862937621111
"Wave_1630",8.83183812168458
"Wave_1631",9.28575035408289
"Wave_1632",9.70422184130676
"Wave_1633",10.1426493199744
"Wave_1634",10.5555336650245
"Wave_1635",11.0252958936076
"Wave_1636",11.5721301755828
"Wave_1637",12.0946926319791
"Wave_1638",12.508944865439
"Wave_1639",12.8419236250302
"Wave_1640",13.2261340174133
"Wave_1641",13.4996804961144
"Wave_1642",13.7065067316174
"Wave_1643",14.060562615091
"Wave_1644",14.3380108547718
"Wave_1645",14.5030441238093
"Wave_1646",14.6788933987635
"Wave_1647",14.8201835633884
"Wave_1648",14.9102038493998
"Wave_1649",15.0380265032372
"Wave_1650",15.2390209935748
"Wave_1651",15.3165490391043
"Wave_1652",15.1293075795003
"Wave_1653",14.8313513459799
"Wave_1654",14.5378593871001
"Wave_1655",14.1002023861354
"Wave_1656",13.5266952585632
"Wave_1657",12.9998987902515
"Wave_1658",12.4224666722575
"Wave_1659",11.6507330267775
"Wave_1660",10.8034220561916
"Wave_1661",9.93228888219174
"Wave_1662",8.95559187552793
"Wave_1663",7.94764675627093
"Wave_1664",7.06504139674506
"Wave_1665",6.15581294832933
"Wave_1666",5.14460130023476
"Wave_1667",4.36771943319171
"Wave_1668",3.8215350492092
"Wave_1669",3.28024769270912
"Wave_1670",2.82398261643792
"Wave_1671",2.47292349983395
"Wave_1672",2.1167605637049
"Wave_1673",1.85003851198232
"Wave_1674",1.89644911339684
"Wave_1675",2.06511696567593
"Wave_1676",2.13186791837319
"Wave_1677",2.22777618554543
"Wave_1678",2.30452871883085
"Wave_1679",2.35822488938314
"Wave_1680",2.48661895049537
"Wave_1681",2.61971376590071
"Wave_1682",2.69518839998345
"Wave_1683",2.79744911247637
"Wave_1684",2.85745505697973
"Wave_1685",2.80670880314381
"Wave_1686",2.75965026342638
"Wave_1687",2.62265486641624
"Wave_1688",2.2803681418487
"Wave_1689",1.90408545820872
"Wave_1690",1.51638661512563
"Wave_1691",0.932315427519039
"Wave_1692",0.201247539595813
"Wave_1693",-0.606452707088119
"Wave_1694",-1.47812775641561
"Wave_1695",-2.48838752297913
"Wave_1696",-3.64209690683626
"Wave_1697",-4.77419815275876
"Wave_1698",-6.15022123179733
"Wave_1699",-7.79474058542027
"Wave_1700",-9.44754555940752
"Wave_1701",-11.1580073051032
"Wave_1702",-13.0759660650891
"Wave_1703",-15.1413293205358
"Wave_1704",-17.2957411914309
"Wave_1705",-19.6839330499526
"Wave_1706",-22.0901320444921
"Wave_1707",-24.4050763136466
"Wave_1708",-26.7258100596017
"Wave_1709",-28.8688301576217
"Wave_1710",-30.8692134940021
"Wave_1711",-32.9118557214932
"Wave_1712",-34.5501816655606
"Wave_1713",-35.8046400892989
"Wave_1714",-36.8940432284731
"Wave_1715",-37.5824089653723
"Wave_1716",-37.9165236046377
"Wave_1717",-38.1521828145365
"Wave_1718",-38.0754298990904
"Wave_1719",-37.6280994189732
"Wave_1720",-37.1201082852322
"Wave_1721",-36.4925214112349
"Wave_1722",-35.6574899172293
"Wave_1723",-34.6947693850945
"Wave_1724",-33.6895664941773
"Wave_1725",-32.6457159384631
"Wave_1726",-31.4162339840999
"Wave_1727",-30.0423145551882
"Wave_1728",-28.6003091234514
"Wave_1729",-27.0912714960996
"Wave_1730",-25.4610320773583
"Wave_1731",-23.9553320776463
"Wave_1732",-22.6758328229416
"Wave_1733",-21.4229003745071
"Wave_1734",-20.4492134828387
"Wave_1735",-19.6720142270685
"Wave_1736",-18.8234647045484
"Wave_1737",-18.1442699826855
"Wave_1738",-17.7639279620963
"Wave_1739",-17.5626888498768
"Wave_1740",-17.730059630088
"Wave_1741",-18.0003625301552
"Wave_1742",-18.0674771601177
"Wave_1743",-18.4098624621832
"Wave_1744",-18.9577695292248
"Wave_1745",-19.3395343931628
"Wave_1746",-19.8681454172378
"Wave_1747",-20.3610201065231
"Wave_1748",-20.7022724734615
"Wave_1749",-21.057783405049
"Wave_1750",-21.6103647984119
"Wave_1751",-21.8669375296374
"Wave_1752",-21.8957647919026
"Wave_1753",-21.9651042001935
"Wave_1754",-22.0139267952815
"Wave_1755",-21.8184977813513
"Wave_1756",-21.5438954930986
"Wave_1757",-21.0121014916889
"Wave_1758",-20.1406074660253
"Wave_1759",-19.355770473277
"Wave_1760",-18.5615604864744
"Wave_1761",-17.5219473880691
"Wave_1762",-16.4305427483485
"Wave_1763",-15.3084337237735
"Wave_1764",-14.0384041740347
"Wave_1765",-12.8896985018964
"Wave_1766",-11.9569227612215
"Wave_1767",-11.0930484790836
"Wave_1768",-10.2392737625116
"Wave_1769",-9.62009213677322
"Wave_1770",-9.13772073600146
"Wave_1771",-8.75351549359533
"Wave_1772",-8.44597258434873
"Wave_1773",-7.99315249019477
"Wave_1774",-7.58489626598726
"Wave_1775",-7.37074039003571
"Wave_1776",-7.04687773955165
"Wave_1777",-6.74796728648773
"Wave_1778",-6.5764518807806
"Wave_1779",-6.0466510928398
"Wave_1780",-5.40637466181625
"Wave_1781",-4.6400452784086
"Wave_1782",-3.85906979461056
"Wave_1783",-3.01528328290867
"Wave_1784",-2.07209580197392
"Wave_1785",-1.08125703265672
"Wave_1786",0.0205233111987272
"Wave_1787",1.38039200854279
"Wave_1788",2.57083347668862
"Wave_1789",3.71779657353342
"Wave_1790",4.84408177203088
"Wave_1791",5.96538245133497
"Wave_1792",7.01268541110972
"Wave_1793",7.96535660730083
"Wave_1794",8.92445925184001
"Wave_1795",9.85228211015213
"Wave_1796",10.849587988042
"Wave_1797",11.7978876923986
"Wave_1798",12.5999313465449
"Wave_1799",13.2940812334202
"Wave_1800",14.0483800591837
"Wave_1801",14.3974956776247
"Wave_1802",14.3329570597812
"Wave_1803",14.40941881556
"Wave_1804",14.7171121428944
"Wave_1805",14.8351555552251
"Wave_1806",14.9487908641574
"Wave_1807",15.0616222121982
"Wave_1808",15.2460547905651
"Wave_1809",15.3236273141005
"Wave_1810",15.1859932117233
"Wave_1811",15.3835968597457
"Wave_1812",15.78197937978
"Wave_1813",15.7703008258535
"Wave_1814",15.8926235962752
"Wave_1815",16.1453573250265
"Wave_1816",16.6301873240575
"Wave_1817",16.8385837854249
"Wave_1818",17.1012009313945
"Wave_1819",17.3432791043874
"Wave_1820",17.3509014022581
"Wave_1821",17.4305966690985
"Wave_1822",17.615075410916
"Wave_1823",17.7706399136646
"Wave_1824",18.0261190633231
"Wave_1825",18.3437324305702
"Wave_1826",18.5041358262147
"Wave_1827",18.6124604179462
"Wave_1828",18.8246473678065
"Wave_1829",19.1410955937327
"Wave_1830",19.4234574688892
"Wave_1831",19.4970157763654
"Wave_1832",19.5356646141188
"Wave_1833",19.3987109164054
"Wave_1834",19.4110387311711
"Wave_1835",19.4341711088724
"Wave_1836",19.4076436689557
"Wave_1837",19.5112780559854
"Wave_1838",19.7172399763959
"Wave_1839",19.6302792867968
"Wave_1840",19.6403892489534
"Wave_1841",19.6740852730227
"Wave_1842",19.6826067050111
"Wave_1843",19.6584604275963
"Wave_1844",19.712531778333
"Wave_1845",19.6683681966965
"Wave_1846",19.429476936632
"Wave_1847",19.3316164896854
"Wave_1848",19.3206000822139
"Wave_1849",19.3774330499369
"Wave_1850",19.3866151368065
"Wave_1851",19.482524759341
"Wave_1852",19.5165029600494
"Wave_1853",19.442282848383
"Wave_1854",19.4975054372566
"Wave_1855",19.715660613392
"Wave_1856",19.7667138246422
"Wave_1857",19.7569889430516
"Wave_1858",19.7360380207372
"Wave_1859",19.9309423892563
"Wave_1860",20.2667992707186
"Wave_1861",20.3452000718494
"Wave_1862",20.3290299598466
"Wave_1863",20.5025141145316
"Wave_1864",20.7218174745617
"Wave_1865",20.5784182416263
"Wave_1866",20.6308532676014
"Wave_1867",21.016425216285
"Wave_1868",20.7823632979209
"Wave_1869",20.6208819714081
"Wave_1870",20.6037651512889
"Wave_1871",20.7902079510063
"Wave_1872",20.637744030585
"Wave_1873",20.4241557020613
"Wave_1874",20.1948297894232
"Wave_1875",19.7190332242698
"Wave_1876",19.388801905085
"Wave_1877",19.4183011022026
"Wave_1878",19.4044234659748
"Wave_1879",19.0750198177052
"Wave_1880",18.6216415594148
"Wave_1881",18.2845389698623
"Wave_1882",17.5943224629475
"Wave_1883",17.249529919716
"Wave_1884",17.4551326378112
"Wave_1885",17.2481099763936
"Wave_1886",16.998025398381
"Wave_1887",16.3647205405399
"Wave_1888",16.0066702061005
"Wave_1889",15.5420452956341
"Wave_1890",15.0606631362418
"Wave_1891",14.6847013958335
"Wave_1892",14.2626251948907
"Wave_1893",13.8503365294294
"Wave_1894",13.1791602434848
"Wave_1895",12.2512655541988
"Wave_1896",11.5202655990791
"Wave_1897",10.7875447364478
"Wave_1898",9.95920210742125
"Wave_1899",8.96405628148794
"Wave_1900",8.02338257159763
"Wave_1901",7.07684557395744
"Wave_1902",5.89402114407509
"Wave_1903",4.71051691737005
"Wave_1904",3.63893595018732
"Wave_1905",2.5462483716133
"Wave_1906",1.20917774938848
"Wave_1907",0.0409602150832553
"Wave_1908",-0.856132261095253
"Wave_1909",-1.88735975734647
"Wave_1910",-3.0062191654462
"Wave_1911",-4.31212555741413
"Wave_1912",-5.32502609678935
"Wave_1913",-6.22861557399309
"Wave_1914",-7.22187431869687
"Wave_1915",-8.2732417373406
"Wave_1916",-9.05900231958708
"Wave_1917",-9.7474983516154
"Wave_1918",-10.4517252848224
"Wave_1919",-11.0274135865008
"Wave_1920",-11.4197224969603
"Wave_1921",-11.7841246068455
"Wave_1922",-12.2367586554701
"Wave_1923",-12.573847071102
"Wave_1924",-12.7023539594909
"Wave_1925",-12.8125740651396
"Wave_1926",-12.906836922543
"Wave_1927",-13.0309933503246
"Wave_1928",-13.1126090416686
"Wave_1929",-13.0969172042692
"Wave_1930",-13.1672910463612
"Wave_1931",-13.1059217738044
"Wave_1932",-12.9190000377258
"Wave_1933",-12.4186321692783
"Wave_1934",-12.1876065922902
"Wave_1935",-12.1242838686931
"Wave_1936",-11.8024122243601
"Wave_1937",-11.4025908628929
"Wave_1938",-11.0322989338632
"Wave_1939",-10.5304623855855
"Wave_1940",-9.99702095972773
"Wave_1941",-9.37984927237901
"Wave_1942",-9.02482788240964
"Wave_1943",-8.43917175821447
"Wave_1944",-7.68416942602355
"Wave_1945",-7.01232300222782
"Wave_1946",-6.25598686837297
"Wave_1947",-5.69335546142638
"Wave_1948",-5.27495789323399
"Wave_1949",-4.73497424528736
"Wave_1950",-4.24914424326369
"Wave_1951",-3.77155069593691
"Wave_1952",-3.12374842819058
"Wave_1953",-2.61375683390182
"Wave_1954",-2.18603741278524
"Wave_1955",-1.95131553068813
"Wave_1956",-1.55442752665154
"Wave_1957",-1.05450077662223
"Wave_1958",-0.765971746448582
"Wave_1959",-0.537155521128396
"Wave_1960",-0.325652102287094
"Wave_1961",-0.291225174259125
"Wave_1962",-0.190901522617053
"Wave_1963",0.0217748860372362
"Wave_1964",0.113440587207753
"Wave_1965",0.144686769172873
"Wave_1966",0.0669988685087235
"Wave_1967",0.0780816606955153
"Wave_1968",0.0787116855236785
"Wave_1969",0.0551504878784641
"Wave_1970",-0.012734911700941
"Wave_1971",0.0453003770958724
"Wave_1972",0.126026257992828
"Wave_1973",0.21973279106487
"Wave_1974",0.541699045929486
"Wave_1975",0.655567161879823
"Wave_1976",0.469283915975669
"Wave_1977",0.532983502984304
"Wave_1978",0.66484477724527
"Wave_1979",0.803704817165179
"Wave_1980",1.00340427029783
"Wave_1981",1.45756426413672
"Wave_1982",1.68654069306447
"Wave_1983",1.67694524782009
"Wave_1984",1.94396459171187
"Wave_1985",2.34650868190789
"Wave_1986",2.68132301779755
"Wave_1987",3.08866659341374
"Wave_1988",3.53989238271128
"Wave_1989",4.1126428275676
"Wave_1990",4.39893101586691
"Wave_1991",4.82608655314219
"Wave_1992",5.41548955808421
"Wave_1993",5.80899034093761
"Wave_1994",5.97882779758194
"Wave_1995",6.37059551764262
"Wave_1996",6.87623994849329
"Wave_1997",7.24744437507234
"Wave_1998",7.59246782877062
"Wave_1999",8.0229056118308
"Wave_2000",8.45200287870494
"Wave_2001",8.8149443684793
"Wave_2002",9.29309150939948
"Wave_2003",9.69217848821095
"Wave_2004",9.96864628336602
"Wave_2005",10.0321487911864
"Wave_2006",10.2618892703078
"Wave_2007",10.5276938884289
"Wave_2008",10.7213749092002
"Wave_2009",10.8421405180076
"Wave_2010",11.0747395944991
"Wave_2011",11.4194748985891
"Wave_2012",11.5956628761343
"Wave_2013",11.7965270056566
"Wave_2014",11.9478452192394
"Wave_2015",11.9178376895931
"Wave_2016",11.8018240460794
"Wave_2017",11.9393596817827
"Wave_2018",12.3231912887609
"Wave_2019",12.4262243651581
"Wave_2020",12.5066673117646
"Wave_2021",12.5580506465852
"Wave_2022",12.3965337520421
"Wave_2023",12.395489358906
"Wave_2024",12.5697963038908
"Wave_2025",12.6309667193169
"Wave_2026",12.6639919148042
"Wave_2027",12.6419835871662
"Wave_2028",12.4270914668733
"Wave_2029",12.453361425136
"Wave_2030",12.424595569259
"Wave_2031",12.3982225687696
"Wave_2032",12.3455013842449
"Wave_2033",12.3475502486612
"Wave_2034",12.267037796661
"Wave_2035",12.1331171770618
"Wave_2036",12.0211747678865
"Wave_2037",11.8943234600062
"Wave_2038",11.7210352280953
"Wave_2039",11.6015671751377
"Wave_2040",11.3510315657041
"Wave_2041",10.9363752407102
"Wave_2042",10.5535002964732
"Wave_2043",10.4201454097308
"Wave_2044",10.1745489359033
"Wave_2045",9.98362652643345
"Wave_2046",9.87752539814296
"Wave_2047",9.89097914250893
"Wave_2048",9.90760109376744
"Wave_2049",9.95770910779414
"Wave_2050",10.193679598926
"Wave_2051",10.3983540354607
"Wave_2052",10.5197083285934
"Wave_2053",10.7151150292495
"Wave_2054",10.8588958958241
"Wave_2055",11.3449093705335
"Wave_2056",11.8230473898028
"Wave_2057",12.1968185265162
"Wave_2058",12.7421555061067
"Wave_2059",13.4620591731562
"Wave_2060",14.039544192457
"Wave_2061",14.5923222017389
"Wave_2062",15.2528484249402
"Wave_2063",15.9230180654813
"Wave_2064",16.6235783874685
"Wave_2065",17.4781001859567
"Wave_2066",18.1927806281594
"Wave_2067",18.871167195326
"Wave_2068",19.5093642727612
"Wave_2069",20.1369977349196
"Wave_2070",20.6051442969138
"Wave_2071",21.2033026176368
"Wave_2072",21.7324795325975
"Wave_2073",22.106703728644
"Wave_2074",22.4653856444824
"Wave_2075",22.8462250160976
"Wave_2076",23.1708405856834
"Wave_2077",23.4296030070945
"Wave_2078",23.7991942725865
"Wave_2079",23.9672819826039
"Wave_2080",23.8977201942434
"Wave_2081",23.8905563242661
"Wave_2082",23.7774611970608
"Wave_2083",23.7247436644039
"Wave_2084",23.7718619358081
"Wave_2085",23.6714429087369
"Wave_2086",23.4735179816927
"Wave_2087",23.3838961173093
"Wave_2088",23.0593433531622
"Wave_2089",22.6135396947833
"Wave_2090",22.3784251964566
"Wave_2091",22.2421685892573
"Wave_2092",22.0353521905664
"Wave_2093",21.9196661884475
"Wave_2094",21.7226582010163
"Wave_2095",21.4851327626983
"Wave_2096",21.164659970213
"Wave_2097",20.7745953533374
"Wave_2098",20.4428570101019
"Wave_2099",20.1181675360083
"Wave_2100",19.6202485215311
"Wave_2101",18.8013340040474
"Wave_2102",18.5166725376831
"Wave_2103",18.380052305167
"Wave_2104",17.9935807870582
"Wave_2105",17.5541379926748
"Wave_2106",17.2065430519641
"Wave_2107",16.8647395636924
"Wave_2108",16.3704367848038
"Wave_2109",15.7664777839322
"Wave_2110",15.2066362699011
"Wave_2111",14.6510962026765
"Wave_2112",13.8557821666528
"Wave_2113",13.1677172205024
"Wave_2114",12.7622563859103
"Wave_2115",12.1770830193793
"Wave_2116",11.4792376490415
"Wave_2117",10.5294877902828
"Wave_2118",9.78211202962641
"Wave_2119",9.05178244728964
"Wave_2120",8.25425669544648
"Wave_2121",7.55248359722692
"Wave_2122",6.8060628533309
"Wave_2123",6.03677786958125
"Wave_2124",5.08367650432402
"Wave_2125",3.97392614451328
"Wave_2126",2.84801101999803
"Wave_2127",1.55930690963256
"Wave_2128",0.385488669816108
"Wave_2129",-0.852245385982372
"Wave_2130",-1.96070761631656
"Wave_2131",-2.8751604062614
"Wave_2132",-4.01118032740323
"Wave_2133",-5.25644602935363
"Wave_2134",-6.35096910579259
"Wave_2135",-7.46224736861733
"Wave_2136",-8.63188537959473
"Wave_2137",-9.72093014306395
"Wave_2138",-10.6847631930324
"Wave_2139",-11.8257050186759
"Wave_2140",-13.2108296887265
"Wave_2141",-14.2471101102712
"Wave_2142",-14.9902682352754
"Wave_2143",-15.9840335850236
"Wave_2144",-17.0125884084272
"Wave_2145",-17.9733527438119
"Wave_2146",-18.9813968982146
"Wave_2147",-20.0038454086935
"Wave_2148",-21.1027734318292
"Wave_2149",-21.9261746727697
"Wave_2150",-22.5994911925893
"Wave_2151",-23.4259941733127
"Wave_2152",-24.3214617286461
"Wave_2153",-24.7616721168374
"Wave_2154",-25.2204467956492
"Wave_2155",-25.8638455169998
"Wave_2156",-26.3700435502402
"Wave_2157",-26.6613236904777
"Wave_2158",-27.1678007810596
"Wave_2159",-27.7702058636621
"Wave_2160",-28.0952958981738
"Wave_2161",-28.2913450544812
"Wave_2162",-28.3265852691099
"Wave_2163",-27.9760702212177
"Wave_2164",-28.0223065079255
"Wave_2165",-28.2123016144089
"Wave_2166",-28.2097748331748
"Wave_2167",-28.2740402952154
"Wave_2168",-28.3941206359256
"Wave_2169",-28.4230351383027
"Wave_2170",-28.3282705111602
"Wave_2171",-28.4223708922888
"Wave_2172",-28.3471781238348
"Wave_2173",-27.9941586633086
"Wave_2174",-27.5192777438446
"Wave_2175",-27.47650393185
"Wave_2176",-27.3643829247349
"Wave_2177",-27.198936500598
"Wave_2178",-27.1319804315132
"Wave_2179",-26.8183567039446
"Wave_2180",-26.2227471436232
"Wave_2181",-25.7988863805139
"Wave_2182",-25.3524500079694
"Wave_2183",-24.935019611466
"Wave_2184",-24.6102691874006
"Wave_2185",-24.1804544680318
"Wave_2186",-23.7087222638511
"Wave_2187",-23.1964057234506
"Wave_2188",-22.6808704858603
"Wave_2189",-22.0951902271868
"Wave_2190",-21.3305845116666
"Wave_2191",-20.7021275075828
"Wave_2192",-20.0434399254759
"Wave_2193",-19.4273967141644
"Wave_2194",-18.9537522021066
"Wave_2195",-18.5600798509512
"Wave_2196",-17.6032398452385
"Wave_2197",-16.68309485504
"Wave_2198",-15.8690931789112
"Wave_2199",-14.8725171522645
"Wave_2200",-14.102094498527
"Wave_2201",-13.5982374654036
"Wave_2202",-12.9031529997795
"Wave_2203",-12.0414748328102
"Wave_2204",-11.3306945197116
"Wave_2205",-10.7872512108606
"Wave_2206",-10.0935974845898
"Wave_2207",-9.38389086627794
"Wave_2208",-8.56012207207863
"Wave_2209",-7.69613285753355
"Wave_2210",-6.69076691999567
"Wave_2211",-5.33923606212753
"Wave_2212",-4.42049103717787
"Wave_2213",-3.7779997775523
"Wave_2214",-2.84549735228021
"Wave_2215",-2.07734367480429
"Wave_2216",-1.09150683761444
"Wave_2217",0.130804555935385
"Wave_2218",1.51500312210152
"Wave_2219",3.09356600960382
"Wave_2220",4.35268230950272
"Wave_2221",5.54002387376643
"Wave_2222",7.13178493741544
"Wave_2223",8.62259592686867
"Wave_2224",9.87127381758957
"Wave_2225",11.0876541948472
"Wave_2226",12.3038524374934
"Wave_2227",13.8352274247269
"Wave_2228",15.5263517507494
"Wave_2229",16.9055349470517
"Wave_2230",18.4205041963935
"Wave_2231",19.9528384251478
"Wave_2232",21.1709197222805
"Wave_2233",22.5159907189761
"Wave_2234",24.2506388759761
"Wave_2235",25.5975585147424
"Wave_2236",26.5634252530945
"Wave_2237",27.6957008909064
"Wave_2238",29.0080194833916
"Wave_2239",30.0265764616202
"Wave_2240",30.9260952707691
"Wave_2241",31.6278230466088
"Wave_2242",32.1628665702855
"Wave_2243",32.4650574418427
"Wave_2244",32.4266488764973
"Wave_2245",32.5143008685811
"Wave_2246",32.588838302566
"Wave_2247",32.4460128572334
"Wave_2248",32.3845039210413
"Wave_2249",31.8657871157892
"Wave_2250",31.0104696635818
"Wave_2251",30.312429398673
"Wave_2252",29.3636076097385
"Wave_2253",28.2999691465591
"Wave_2254",27.2817492126181
"Wave_2255",26.1359401770782
"Wave_2256",24.9626083825891
"Wave_2257",23.8723235942117
"Wave_2258",22.6347319164255
"Wave_2259",20.9917360782773
"Wave_2260",19.8828143201289
"Wave_2261",19.2017456992347
"Wave_2262",18.1500165869777
"Wave_2263",17.0819009523337
"Wave_2264",16.1398205358731
"Wave_2265",14.9246452019129
"Wave_2266",13.9527662090212
"Wave_2267",13.6067022827896
"Wave_2268",12.6403650699393
"Wave_2269",11.0712284040248
"Wave_2270",10.0348346503436
"Wave_2271",9.19435865159113
"Wave_2272",8.15949463160071
"Wave_2273",7.46172852640901
"Wave_2274",6.42248016778673
"Wave_2275",4.95242091055919
"Wave_2276",3.44119864467985
"Wave_2277",2.04017341728829
"Wave_2278",0.613819179407653
"Wave_2279",-0.483181406388577
"Wave_2280",-1.83565832829565
"Wave_2281",-3.45890786191216
"Wave_2282",-4.89445027237665
"Wave_2283",-6.60951189467341
"Wave_2284",-8.50153161973304
"Wave_2285",-10.2598447277034
"Wave_2286",-11.5797142602914
"Wave_2287",-12.768595934743
"Wave_2288",-14.4133935323864
"Wave_2289",-16.065073756351
"Wave_2290",-17.9210615071878
"Wave_2291",-19.4922932396076
"Wave_2292",-21.0708090165169
"Wave_2293",-22.4869127153601
"Wave_2294",-23.6919298737206
"Wave_2295",-24.9144730713723
"Wave_2296",-26.3337094984911
"Wave_2297",-27.2524704559088
"Wave_2298",-27.837062698789
"Wave_2299",-28.306457334175
"Wave_2300",-28.3754518348446
"Wave_2301",-28.5361894266121
"Wave_2302",-28.9670258595146
"Wave_2303",-28.6688860088651
"Wave_2304",-27.860725066222
"Wave_2305",-27.1341394383402
"Wave_2306",-26.1450293139485
"Wave_2307",-24.7789058048851
"Wave_2308",-23.1561180823031
"Wave_2309",-21.568465331577
"Wave_2310",-19.4976117809049
"Wave_2311",-17.5436329065219
"Wave_2312",-15.861733249699
"Wave_2313",-14.0777905935711
"Wave_2314",-12.0706520717435
"Wave_2315",-9.89082188805451
"Wave_2316",-8.71349980400243
"Wave_2317",-7.46411242448475
"Wave_2318",-6.4856006473074
"Wave_2319",-5.94826700323411
"Wave_2320",-5.47753692460546
"Wave_2321",-4.95587028908773
"Wave_2322",-4.36639058961064
"Wave_2323",-4.090543439591
"Wave_2324",-4.01498506246262
"Wave_2325",-4.28653046258538
"Wave_2326",-4.66347820746331
"Wave_2327",-5.05043811342517
"Wave_2328",-5.50844556023856
"Wave_2329",-5.44973066384376
"Wave_2330",-5.39281112383213
"Wave_2331",-5.76166139338945
"Wave_2332",-5.87357413809286
"Wave_2333",-5.70686594982206
"Wave_2334",-5.70302530307047
"Wave_2335",-5.6550385045754
"Wave_2336",-5.90251343230307
"Wave_2337",-6.42629503654323
"Wave_2338",-6.69617488618809
"Wave_2339",-6.99858404615499
"Wave_2340",-7.34453795776161
"Wave_2341",-7.52478265854966
"Wave_2342",-7.80851815654879
"Wave_2343",-8.52438575886716
"Wave_2344",-8.7124041520806
"Wave_2345",-8.36263608440588
"Wave_2346",-8.37242994101421
"Wave_2347",-8.53396086943121
"Wave_2348",-8.34554541779852
"Wave_2349",-8.24649891606002
"Wave_2350",-7.87436587975368
"Wave_2351",-7.0270582741417
"Wave_2352",-6.2207172906295
"Wave_2353",-5.38053657905524
"Wave_2354",-4.52127939150047
"Wave_2355",-3.27312521903165
"Wave_2356",-2.43549815849307
"Wave_2357",-1.79023579729322
"Wave_2358",-1.24910494371621
"Wave_2359",-1.10985028692288
"Wave_2360",-0.70651986772856
"Wave_2361",-0.0829561275378177
"Wave_2362",0.264377957378358
"Wave_2363",0.406214286185824
"Wave_2364",0.676111742051218
"Wave_2365",0.987702596762905
"Wave_2366",1.06925522815342
"Wave_2367",0.98456731256978
"Wave_2368",1.20454741220127
"Wave_2369",1.4015776861477
"Wave_2370",1.44735069576353
"Wave_2371",1.56585429493902
"Wave_2372",2.01034245855369
"Wave_2373",2.68990362923333
"Wave_2374",2.90595510545978
"Wave_2375",2.84231729032771
"Wave_2376",3.28817108350897
"Wave_2377",3.78440305040962
"Wave_2378",4.08601996018793
"Wave_2379",4.70951282888938
"Wave_2380",5.42043832870734
"Wave_2381",5.67407390454397
"Wave_2382",6.22616695267429
"Wave_2383",6.57545957920435
"Wave_2384",6.92852380015559
"Wave_2385",7.32597720385665
"Wave_2386",7.12769906926423
"Wave_2387",7.62900932030485
"Wave_2388",8.89080756524257
"Wave_2389",9.299827240238
"Wave_2390",9.93784821260868
"Wave_2391",10.6944398307547
"Wave_2392",10.28758449344
"Wave_2393",10.6642737861073
"Wave_2394",11.061276866241
"Wave_2395",10.8722388827311
"Wave_2396",11.643218779341
"Wave_2397",11.9347981051218
"Wave_2398",11.5886020005957
"Wave_2399",11.5578539871469
"Wave_2400",11.5855072682428
