"","PERC_C.12.comps"
"(Intercept)",59.2157432285155
"Wave_1200",0.706087533298704
"Wave_1201",0.0984938140929008
"Wave_1202",-0.111878672807143
"Wave_1203",-0.483193498261406
"Wave_1204",-1.03173645842111
"Wave_1205",-1.36742602263952
"Wave_1206",-1.47183521506075
"Wave_1207",-1.8491908868652
"Wave_1208",-2.40477556554878
"Wave_1209",-2.65932294881909
"Wave_1210",-2.63133051946981
"Wave_1211",-3.1124127384793
"Wave_1212",-3.45991747497256
"Wave_1213",-3.39649399284151
"Wave_1214",-3.82947666404546
"Wave_1215",-4.26711544326982
"Wave_1216",-3.97382855265819
"Wave_1217",-3.63552285621363
"Wave_1218",-3.6281492232173
"Wave_1219",-3.71053946990445
"Wave_1220",-3.66962965719526
"Wave_1221",-3.31446439458854
"Wave_1222",-2.88403857770162
"Wave_1223",-2.72168678717286
"Wave_1224",-2.43429978945366
"Wave_1225",-2.36439594540651
"Wave_1226",-2.07556086280922
"Wave_1227",-1.68279008306105
"Wave_1228",-1.06027653663293
"Wave_1229",-0.551642109982147
"Wave_1230",-0.43361479871993
"Wave_1231",-0.394802362882289
"Wave_1232",0.00762304389022317
"Wave_1233",0.411173850192632
"Wave_1234",0.257558735900943
"Wave_1235",0.207546502878424
"Wave_1236",0.531787469372832
"Wave_1237",0.540190545530366
"Wave_1238",0.635519603756732
"Wave_1239",0.909048564807195
"Wave_1240",0.802006753039506
"Wave_1241",0.745202569732271
"Wave_1242",0.892225609168321
"Wave_1243",0.896125051735434
"Wave_1244",0.922864742562785
"Wave_1245",0.998924237078441
"Wave_1246",1.21182332069701
"Wave_1247",1.25115947026971
"Wave_1248",1.16409381588498
"Wave_1249",1.2494163914324
"Wave_1250",1.31977831324229
"Wave_1251",1.44971126647433
"Wave_1252",1.70302391503411
"Wave_1253",1.76574764339628
"Wave_1254",1.84737572189165
"Wave_1255",2.1055501198561
"Wave_1256",2.18386490711185
"Wave_1257",1.97090174853086
"Wave_1258",1.84624569275614
"Wave_1259",1.92676426252457
"Wave_1260",1.8419544887442
"Wave_1261",1.72632550523418
"Wave_1262",1.69196834355004
"Wave_1263",1.56181515192055
"Wave_1264",1.58924102865161
"Wave_1265",1.75383188319005
"Wave_1266",1.78665593525666
"Wave_1267",1.77158033281352
"Wave_1268",1.51136709950631
"Wave_1269",1.42468061102231
"Wave_1270",1.58544322898679
"Wave_1271",1.4502556182522
"Wave_1272",1.26551679255628
"Wave_1273",1.2100137295682
"Wave_1274",1.10093755531258
"Wave_1275",1.18484700578937
"Wave_1276",1.17562558863737
"Wave_1277",0.994833313243749
"Wave_1278",0.956767855255551
"Wave_1279",1.03603949840467
"Wave_1280",0.999809091827906
"Wave_1281",0.800547459389795
"Wave_1282",0.765495358665847
"Wave_1283",0.56020537893897
"Wave_1284",0.212146845732463
"Wave_1285",0.318030725190799
"Wave_1286",0.465585034223191
"Wave_1287",0.475093124040943
"Wave_1288",0.514219586996657
"Wave_1289",0.816119372189276
"Wave_1290",1.01436112040599
"Wave_1291",0.951267557553151
"Wave_1292",0.861029573196291
"Wave_1293",0.908104027911404
"Wave_1294",1.08801464428617
"Wave_1295",1.23036333327057
"Wave_1296",1.2268783393434
"Wave_1297",1.19220407280828
"Wave_1298",1.1510330645661
"Wave_1299",1.18768081417218
"Wave_1300",1.35793419354887
"Wave_1301",1.50290499293689
"Wave_1302",1.40942679341446
"Wave_1303",1.10379882275898
"Wave_1304",1.02674142687639
"Wave_1305",1.06615194141797
"Wave_1306",1.01009980242382
"Wave_1307",1.17532709207013
"Wave_1308",1.34808415623203
"Wave_1309",1.19026482233337
"Wave_1310",0.925281226993604
"Wave_1311",0.913043832024254
"Wave_1312",0.963059951604055
"Wave_1313",0.92499817952445
"Wave_1314",1.0232927070676
"Wave_1315",1.07202946348701
"Wave_1316",0.736609335852933
"Wave_1317",0.239490431851388
"Wave_1318",0.0440397890733818
"Wave_1319",0.216183726025439
"Wave_1320",0.427730011516833
"Wave_1321",0.422023801581578
"Wave_1322",0.355669119785889
"Wave_1323",0.356874103921795
"Wave_1324",0.313094232280392
"Wave_1325",0.187597268156493
"Wave_1326",0.209070525507508
"Wave_1327",0.424065234660861
"Wave_1328",0.498898803199706
"Wave_1329",0.398412087021362
"Wave_1330",0.390803792070039
"Wave_1331",0.287144917169055
"Wave_1332",-0.00936495505156498
"Wave_1333",0.143846157233701
"Wave_1334",0.564705190701394
"Wave_1335",0.430455049600061
"Wave_1336",0.290684680339042
"Wave_1337",0.241851837791184
"Wave_1338",0.242082135467645
"Wave_1339",-0.0698078980570397
"Wave_1340",-0.0861509248891176
"Wave_1341",0.214846536406254
"Wave_1342",0.401750077307006
"Wave_1343",0.423645233366393
"Wave_1344",0.520312331843864
"Wave_1345",0.596355755401795
"Wave_1346",0.556071266583269
"Wave_1347",0.541914066698299
"Wave_1348",0.785084839858912
"Wave_1349",1.06541892174123
"Wave_1350",1.16895951423144
"Wave_1351",1.48762048835446
"Wave_1352",1.9890272380072
"Wave_1353",2.18235407670485
"Wave_1354",2.35290255608777
"Wave_1355",2.76561852350687
"Wave_1356",3.0204041786429
"Wave_1357",3.07067143411722
"Wave_1358",3.0829168421706
"Wave_1359",3.07188368093976
"Wave_1360",3.05041356956416
"Wave_1361",2.92732552520093
"Wave_1362",2.87320065064162
"Wave_1363",2.78674474413043
"Wave_1364",2.60330385836495
"Wave_1365",2.35160955312443
"Wave_1366",2.07642028128511
"Wave_1367",1.7908992344964
"Wave_1368",1.51299264894938
"Wave_1369",1.01259260330321
"Wave_1370",0.462646459821437
"Wave_1371",0.335728998093983
"Wave_1372",0.140333594903232
"Wave_1373",-0.218184653515571
"Wave_1374",-0.275379239344512
"Wave_1375",-0.274314659185771
"Wave_1376",-0.307923516860293
"Wave_1377",-0.189362722669171
"Wave_1378",-0.141871142683271
"Wave_1379",-0.16309006440534
"Wave_1380",-0.0943953645216349
"Wave_1381",-0.202143257017677
"Wave_1382",-0.505390287365835
"Wave_1383",-0.669752047232868
"Wave_1384",-0.811917429059274
"Wave_1385",-1.03955831357406
"Wave_1386",-1.23274525086161
"Wave_1387",-1.43034811773159
"Wave_1388",-1.58775118725834
"Wave_1389",-1.86145438906587
"Wave_1390",-2.04513626235022
"Wave_1391",-2.08040167849095
"Wave_1392",-2.13833957923548
"Wave_1393",-2.30213767273121
"Wave_1394",-2.33870930973494
"Wave_1395",-2.23140051715831
"Wave_1396",-2.18725901033536
"Wave_1397",-2.17993431516459
"Wave_1398",-2.07247177046733
"Wave_1399",-1.83829370594405
"Wave_1400",-1.79023151517632
"Wave_1401",-1.71362854710957
"Wave_1402",-1.52286674439199
"Wave_1403",-1.31689845539629
"Wave_1404",-1.0008322226133
"Wave_1405",-0.777251551378097
"Wave_1406",-0.71102754149793
"Wave_1407",-0.67561491885785
"Wave_1408",-0.790578641644233
"Wave_1409",-0.997245990191745
"Wave_1410",-1.10094350686371
"Wave_1411",-1.173421467574
"Wave_1412",-1.26112582540417
"Wave_1413",-1.42485600253755
"Wave_1414",-1.60843401092435
"Wave_1415",-1.80059460746201
"Wave_1416",-2.1526001908199
"Wave_1417",-2.4917357835178
"Wave_1418",-2.74554364307045
"Wave_1419",-3.08952355336855
"Wave_1420",-3.42729473377883
"Wave_1421",-3.58100881686658
"Wave_1422",-3.6846023480643
"Wave_1423",-3.80570165143591
"Wave_1424",-3.77699111870731
"Wave_1425",-3.85327421562188
"Wave_1426",-4.08745498272163
"Wave_1427",-4.15998438336418
"Wave_1428",-4.11003681608561
"Wave_1429",-4.12430519807453
"Wave_1430",-4.12537856942504
"Wave_1431",-4.09849128684721
"Wave_1432",-4.04250383468914
"Wave_1433",-4.03395280009605
"Wave_1434",-4.00995474542767
"Wave_1435",-4.09263278161467
"Wave_1436",-4.03951480900203
"Wave_1437",-3.9521567440041
"Wave_1438",-3.89590120170421
"Wave_1439",-3.78220872392179
"Wave_1440",-3.69125746965027
"Wave_1441",-3.60599215173589
"Wave_1442",-3.42099457886796
"Wave_1443",-3.19178102105505
"Wave_1444",-3.10617688006603
"Wave_1445",-2.99695736161594
"Wave_1446",-2.79403793072212
"Wave_1447",-2.58660576423925
"Wave_1448",-2.31873515343445
"Wave_1449",-2.11738271826456
"Wave_1450",-1.96396629717547
"Wave_1451",-1.6969636551639
"Wave_1452",-1.46066475179002
"Wave_1453",-1.34539316420818
"Wave_1454",-1.26120365112691
"Wave_1455",-1.24466694254609
"Wave_1456",-1.15503486349988
"Wave_1457",-0.957105764027754
"Wave_1458",-0.870568582533299
"Wave_1459",-0.744665754800466
"Wave_1460",-0.522152312747235
"Wave_1461",-0.352070747051804
"Wave_1462",-0.193525671002373
"Wave_1463",0.019511208782433
"Wave_1464",0.173134981387121
"Wave_1465",0.257005342801649
"Wave_1466",0.36350869139365
"Wave_1467",0.483407207220853
"Wave_1468",0.581947466728102
"Wave_1469",0.61374780518282
"Wave_1470",0.729385213357732
"Wave_1471",0.978157626153695
"Wave_1472",1.06323672368388
"Wave_1473",1.03793661933883
"Wave_1474",1.0897216455741
"Wave_1475",1.10031993951877
"Wave_1476",1.09793228061086
"Wave_1477",1.13896053566775
"Wave_1478",1.1857150974876
"Wave_1479",1.25639519138792
"Wave_1480",1.31476976470972
"Wave_1481",1.33605428581355
"Wave_1482",1.45017429446575
"Wave_1483",1.48207221485553
"Wave_1484",1.4177384922803
"Wave_1485",1.47154793237393
"Wave_1486",1.57393515373083
"Wave_1487",1.60741181799747
"Wave_1488",1.63470670528286
"Wave_1489",1.68042211149116
"Wave_1490",1.76924975745088
"Wave_1491",1.87288776477147
"Wave_1492",1.87152781226804
"Wave_1493",1.90145433425523
"Wave_1494",1.94032775222911
"Wave_1495",1.8526279243968
"Wave_1496",1.79921444882633
"Wave_1497",1.81665575407671
"Wave_1498",1.81709506076379
"Wave_1499",1.76978947310357
"Wave_1500",1.682212753376
"Wave_1501",1.58449585212237
"Wave_1502",1.44692993793226
"Wave_1503",1.33445790678469
"Wave_1504",1.33704226831143
"Wave_1505",1.37768456135734
"Wave_1506",1.31658852682113
"Wave_1507",1.08888154395896
"Wave_1508",0.807621470160521
"Wave_1509",0.69396993727385
"Wave_1510",0.644135498394314
"Wave_1511",0.388526145439441
"Wave_1512",0.181508390786148
"Wave_1513",0.135666687487896
"Wave_1514",-0.0300063069565939
"Wave_1515",-0.223932903324928
"Wave_1516",-0.189633420054442
"Wave_1517",-0.322313417823203
"Wave_1518",-0.773306856441542
"Wave_1519",-1.00180827533983
"Wave_1520",-1.01162421519076
"Wave_1521",-1.17521196420781
"Wave_1522",-1.49379382319406
"Wave_1523",-1.64863871177802
"Wave_1524",-1.63591756290733
"Wave_1525",-1.84258308109541
"Wave_1526",-2.1263299811091
"Wave_1527",-2.29078508927102
"Wave_1528",-2.52464176853481
"Wave_1529",-2.8305788669823
"Wave_1530",-3.1290376167671
"Wave_1531",-3.29975891643955
"Wave_1532",-3.44038593033087
"Wave_1533",-3.66608565044622
"Wave_1534",-3.87629425433853
"Wave_1535",-3.96110357731654
"Wave_1536",-4.05272784412697
"Wave_1537",-4.23208635506997
"Wave_1538",-4.26515130470167
"Wave_1539",-4.2128432256208
"Wave_1540",-4.24214204355552
"Wave_1541",-4.33302400882462
"Wave_1542",-4.41133099183151
"Wave_1543",-4.35129921026722
"Wave_1544",-4.35411910018005
"Wave_1545",-4.4714150929209
"Wave_1546",-4.34645808196834
"Wave_1547",-4.05135296371386
"Wave_1548",-3.92705259570568
"Wave_1549",-3.75915370981805
"Wave_1550",-3.53986121256196
"Wave_1551",-3.48446421542046
"Wave_1552",-3.45274359173299
"Wave_1553",-3.45280879394039
"Wave_1554",-3.39784929816177
"Wave_1555",-3.34810176939073
"Wave_1556",-3.41978984381286
"Wave_1557",-3.33546506781707
"Wave_1558",-3.24373995448858
"Wave_1559",-3.31479774866547
"Wave_1560",-3.26321580378135
"Wave_1561",-3.22368180626074
"Wave_1562",-3.45463531368286
"Wave_1563",-3.46520747725853
"Wave_1564",-3.12011192279863
"Wave_1565",-2.95855916302998
"Wave_1566",-2.87918009107425
"Wave_1567",-2.79294503774892
"Wave_1568",-2.8707860202356
"Wave_1569",-2.89581404924881
"Wave_1570",-2.79235907300087
"Wave_1571",-2.70584783119223
"Wave_1572",-2.62250388061747
"Wave_1573",-2.50240638690588
"Wave_1574",-2.39480961590668
"Wave_1575",-2.35666423493403
"Wave_1576",-2.34734119694926
"Wave_1577",-2.37168196257677
"Wave_1578",-2.40296867749795
"Wave_1579",-2.28745362500121
"Wave_1580",-2.11739791723341
"Wave_1581",-2.06062926038494
"Wave_1582",-2.05950122573322
"Wave_1583",-1.999093526166
"Wave_1584",-1.96809763158549
"Wave_1585",-1.87750611442861
"Wave_1586",-1.53987972231143
"Wave_1587",-1.19601381453835
"Wave_1588",-1.05158028327077
"Wave_1589",-1.05077454720497
"Wave_1590",-0.977242971390401
"Wave_1591",-0.743477970532514
"Wave_1592",-0.660131020850544
"Wave_1593",-0.52976920316217
"Wave_1594",-0.110102010142461
"Wave_1595",0.0997668415887171
"Wave_1596",0.181072398639292
"Wave_1597",0.371706027358234
"Wave_1598",0.426490223281252
"Wave_1599",0.567258724910897
"Wave_1600",0.897403479114644
"Wave_1601",1.10599561989233
"Wave_1602",1.29260041563358
"Wave_1603",1.45773338935834
"Wave_1604",1.40191452784113
"Wave_1605",1.45361333595443
"Wave_1606",1.80288380546819
"Wave_1607",2.07903526675548
"Wave_1608",2.29202389433263
"Wave_1609",2.58001952702698
"Wave_1610",2.69981789296438
"Wave_1611",2.69106622648376
"Wave_1612",2.74785845956051
"Wave_1613",2.89979145569852
"Wave_1614",2.99250513175395
"Wave_1615",3.12228867895428
"Wave_1616",3.36592043886989
"Wave_1617",3.52503904362298
"Wave_1618",3.64696546705
"Wave_1619",3.60476369423581
"Wave_1620",3.4440894886875
"Wave_1621",3.31207210928097
"Wave_1622",3.14866271255352
"Wave_1623",3.00811751674546
"Wave_1624",2.78241117004448
"Wave_1625",2.49223178897633
"Wave_1626",2.3012560422803
"Wave_1627",2.16191485374441
"Wave_1628",1.9797610393515
"Wave_1629",1.78531857595928
"Wave_1630",1.78445502980298
"Wave_1631",1.9222084091942
"Wave_1632",1.8760960740241
"Wave_1633",1.77964368822001
"Wave_1634",1.91919740837627
"Wave_1635",2.12145616861797
"Wave_1636",2.42014820701991
"Wave_1637",2.90651270944706
"Wave_1638",3.28375660759015
"Wave_1639",3.57886810282696
"Wave_1640",3.83610805487996
"Wave_1641",3.91128024730605
"Wave_1642",3.96710539379027
"Wave_1643",4.04189711481531
"Wave_1644",3.87186244134174
"Wave_1645",3.77646459863329
"Wave_1646",4.01110824152739
"Wave_1647",4.04499297244914
"Wave_1648",3.73644171718237
"Wave_1649",3.38444231433447
"Wave_1650",3.1375130235942
"Wave_1651",2.89085958444495
"Wave_1652",2.57728896703544
"Wave_1653",2.34961109044169
"Wave_1654",2.14393254097023
"Wave_1655",1.61886904484847
"Wave_1656",1.0862527560977
"Wave_1657",1.09399824410114
"Wave_1658",0.915654539773488
"Wave_1659",0.382597791030893
"Wave_1660",0.0688274448353787
"Wave_1661",-0.431321168954426
"Wave_1662",-1.05307399062187
"Wave_1663",-1.52382232745192
"Wave_1664",-2.00197057057825
"Wave_1665",-2.3028339104446
"Wave_1666",-2.71415255505173
"Wave_1667",-3.4162738571118
"Wave_1668",-3.9472145121512
"Wave_1669",-4.27753412130989
"Wave_1670",-4.67379819318016
"Wave_1671",-5.17554944121644
"Wave_1672",-5.52202507972425
"Wave_1673",-5.85066301773277
"Wave_1674",-6.0780956397528
"Wave_1675",-5.94565625551971
"Wave_1676",-5.86502631494555
"Wave_1677",-5.79370424090397
"Wave_1678",-5.60168010524367
"Wave_1679",-5.35030274094711
"Wave_1680",-4.95425741368847
"Wave_1681",-4.49240600536344
"Wave_1682",-4.0520700452699
"Wave_1683",-3.48914187522143
"Wave_1684",-2.79861705334152
"Wave_1685",-2.36476859147236
"Wave_1686",-2.16240941468474
"Wave_1687",-1.78244311452694
"Wave_1688",-1.22068236156649
"Wave_1689",-0.688138721141941
"Wave_1690",-0.158573482957362
"Wave_1691",0.281654864649839
"Wave_1692",0.406494156895014
"Wave_1693",0.589861063675859
"Wave_1694",1.04940657035723
"Wave_1695",1.33150971909355
"Wave_1696",1.6674441657345
"Wave_1697",2.06642591301135
"Wave_1698",2.22596437064142
"Wave_1699",2.39228703330835
"Wave_1700",2.51451372952005
"Wave_1701",2.48661319304763
"Wave_1702",2.37425347601043
"Wave_1703",2.29007848502359
"Wave_1704",1.95999882649446
"Wave_1705",1.57812900946821
"Wave_1706",1.18935982030822
"Wave_1707",0.653858395485131
"Wave_1708",0.149439710050328
"Wave_1709",-0.523302657150644
"Wave_1710",-1.42826260679383
"Wave_1711",-2.12311032614854
"Wave_1712",-2.75664540547497
"Wave_1713",-3.60276447990667
"Wave_1714",-4.20372033880274
"Wave_1715",-4.55093222091725
"Wave_1716",-4.79360840276706
"Wave_1717",-5.10781142799981
"Wave_1718",-5.76153018579473
"Wave_1719",-6.37196819347587
"Wave_1720",-6.82418068797229
"Wave_1721",-7.22563611658452
"Wave_1722",-7.4677645861198
"Wave_1723",-7.64323878211418
"Wave_1724",-8.17369855080632
"Wave_1725",-8.98757228030144
"Wave_1726",-9.37440861561265
"Wave_1727",-9.48751276734014
"Wave_1728",-9.73660723950559
"Wave_1729",-9.69841533922732
"Wave_1730",-9.44771085879481
"Wave_1731",-9.34719117840716
"Wave_1732",-9.10496209487003
"Wave_1733",-8.62289235495488
"Wave_1734",-7.91268655790272
"Wave_1735",-7.06594656280857
"Wave_1736",-6.29650641087197
"Wave_1737",-5.49257069167205
"Wave_1738",-4.68822517849835
"Wave_1739",-4.18344440258336
"Wave_1740",-3.57499885859666
"Wave_1741",-2.68796768514855
"Wave_1742",-2.03404390032778
"Wave_1743",-1.54948521446022
"Wave_1744",-1.45535963195349
"Wave_1745",-1.10331374444939
"Wave_1746",-0.601605002806609
"Wave_1747",-0.280910452549469
"Wave_1748",0.183644280448438
"Wave_1749",0.421027625923017
"Wave_1750",0.182970283724198
"Wave_1751",0.145080434860208
"Wave_1752",0.293713678449241
"Wave_1753",0.367848245674657
"Wave_1754",0.415473459696817
"Wave_1755",0.393629882469459
"Wave_1756",0.247144394414035
"Wave_1757",0.194433439920745
"Wave_1758",0.143720479146042
"Wave_1759",0.331155113594861
"Wave_1760",0.376178380505016
"Wave_1761",0.44570300807464
"Wave_1762",0.549578630221945
"Wave_1763",0.638626273530633
"Wave_1764",0.744598734699469
"Wave_1765",0.924905131354935
"Wave_1766",1.22145454854828
"Wave_1767",1.59522670154838
"Wave_1768",2.12512020620876
"Wave_1769",2.56750271927518
"Wave_1770",2.70839022379038
"Wave_1771",2.86369815722028
"Wave_1772",3.10188412686391
"Wave_1773",3.2948410369433
"Wave_1774",3.61033605342624
"Wave_1775",4.11580475105819
"Wave_1776",4.58556359005176
"Wave_1777",4.86155372765532
"Wave_1778",5.16118111396268
"Wave_1779",5.0619316870094
"Wave_1780",5.23854229871948
"Wave_1781",5.85912545372784
"Wave_1782",6.15514158022389
"Wave_1783",6.22754513568873
"Wave_1784",6.51444546821643
"Wave_1785",6.61526246079529
"Wave_1786",6.98908777306682
"Wave_1787",7.87684042929421
"Wave_1788",8.34607725341997
"Wave_1789",8.65295155713288
"Wave_1790",9.09612210080656
"Wave_1791",9.47951624336616
"Wave_1792",9.7757876830842
"Wave_1793",10.1264089257686
"Wave_1794",10.3718461608736
"Wave_1795",10.3493621132325
"Wave_1796",10.6420355789128
"Wave_1797",11.0020965765486
"Wave_1798",11.1390105956717
"Wave_1799",11.4872554688959
"Wave_1800",12.1019772128277
"Wave_1801",12.0111705556911
"Wave_1802",11.1748871643475
"Wave_1803",10.2554645025858
"Wave_1804",9.46670321236024
"Wave_1805",8.58618077557269
"Wave_1806",7.75642720886997
"Wave_1807",6.77522401734792
"Wave_1808",5.76312391456312
"Wave_1809",5.00248549181174
"Wave_1810",4.49459347217589
"Wave_1811",3.88367983010659
"Wave_1812",3.23860178363995
"Wave_1813",2.60286640810318
"Wave_1814",2.08436620089524
"Wave_1815",1.48027625897846
"Wave_1816",1.23806641553779
"Wave_1817",0.932748327878871
"Wave_1818",0.686275552161859
"Wave_1819",0.676881233836979
"Wave_1820",0.507623317114343
"Wave_1821",0.450207818108734
"Wave_1822",0.814258044754848
"Wave_1823",0.981131576363919
"Wave_1824",1.11960947996233
"Wave_1825",0.973509764533959
"Wave_1826",0.770889923286709
"Wave_1827",0.741625357602506
"Wave_1828",0.674869070724727
"Wave_1829",0.405719136914421
"Wave_1830",0.427924846215036
"Wave_1831",0.596676687732497
"Wave_1832",0.619078747839043
"Wave_1833",0.472088350420703
"Wave_1834",0.424527272456153
"Wave_1835",0.532397371185496
"Wave_1836",0.405317460822852
"Wave_1837",0.22061202140475
"Wave_1838",0.00651279133397331
"Wave_1839",-0.330613903390415
"Wave_1840",-0.354351636874792
"Wave_1841",-0.353235820716693
"Wave_1842",-0.0350696465994551
"Wave_1843",-0.351909611076775
"Wave_1844",-0.696505396040025
"Wave_1845",-1.59077197305817
"Wave_1846",-2.4293316412099
"Wave_1847",-2.70678889127847
"Wave_1848",-2.69801339477633
"Wave_1849",-2.47550638733332
"Wave_1850",-2.58081667982296
"Wave_1851",-3.04955948444553
"Wave_1852",-3.41427767047941
"Wave_1853",-3.9848682583925
"Wave_1854",-4.11311842000406
"Wave_1855",-3.95318374138322
"Wave_1856",-3.953299880832
"Wave_1857",-4.17119176850155
"Wave_1858",-4.0375497187454
"Wave_1859",-3.74956672829208
"Wave_1860",-3.73587740118927
"Wave_1861",-3.56313191063252
"Wave_1862",-2.7968977762902
"Wave_1863",-2.49477535048812
"Wave_1864",-2.65226414609848
"Wave_1865",-2.56247186207071
"Wave_1866",-2.15000665668077
"Wave_1867",-2.06552863013525
"Wave_1868",-1.87542798584152
"Wave_1869",-1.34706622686811
"Wave_1870",-1.0188063948234
"Wave_1871",-0.552019914408545
"Wave_1872",-0.477662665777917
"Wave_1873",-0.485480589167298
"Wave_1874",-0.840023110737557
"Wave_1875",-1.76355033329784
"Wave_1876",-2.38371274504141
"Wave_1877",-2.84610172672509
"Wave_1878",-3.46635952632776
"Wave_1879",-3.98136471741735
"Wave_1880",-4.45600649010158
"Wave_1881",-4.69762281356445
"Wave_1882",-4.76275415864405
"Wave_1883",-4.87522862621952
"Wave_1884",-4.71184325254929
"Wave_1885",-4.73740273326757
"Wave_1886",-4.94186613845219
"Wave_1887",-5.30886837509584
"Wave_1888",-5.2900248291109
"Wave_1889",-5.02668107846686
"Wave_1890",-4.78346360012732
"Wave_1891",-4.49000646843823
"Wave_1892",-3.97585439516219
"Wave_1893",-3.06192845580249
"Wave_1894",-2.55874395983003
"Wave_1895",-2.30011314868062
"Wave_1896",-1.64528605105513
"Wave_1897",-1.06321210547195
"Wave_1898",-0.433161158328697
"Wave_1899",0.373304881841418
"Wave_1900",1.93101747036346
"Wave_1901",2.59516655007815
"Wave_1902",2.66533768762205
"Wave_1903",3.10808870292325
"Wave_1904",3.47590835194888
"Wave_1905",3.76055623029472
"Wave_1906",4.32302332826433
"Wave_1907",4.59858281700243
"Wave_1908",4.42906789908527
"Wave_1909",4.32115792743109
"Wave_1910",4.55622873313508
"Wave_1911",5.09924755324764
"Wave_1912",5.17169569579004
"Wave_1913",5.30668827110946
"Wave_1914",5.30926268473364
"Wave_1915",4.90414821085903
"Wave_1916",4.61673207663072
"Wave_1917",4.5492262987324
"Wave_1918",4.22677699285751
"Wave_1919",3.48593548654559
"Wave_1920",3.05453910400617
"Wave_1921",2.66780790769108
"Wave_1922",2.4002563367598
"Wave_1923",1.89669359550213
"Wave_1924",1.34996509193968
"Wave_1925",0.869212171526861
"Wave_1926",0.219222545960718
"Wave_1927",-0.327253362630142
"Wave_1928",-0.770256950791926
"Wave_1929",-1.11386697597109
"Wave_1930",-1.4104237089181
"Wave_1931",-1.7467439751888
"Wave_1932",-2.05975078662708
"Wave_1933",-2.24379815119083
"Wave_1934",-2.44974367602739
"Wave_1935",-2.73435981060502
"Wave_1936",-2.96604306285487
"Wave_1937",-3.19014605820225
"Wave_1938",-3.24795282884012
"Wave_1939",-3.24233045148462
"Wave_1940",-3.23788008215464
"Wave_1941",-3.19854576711009
"Wave_1942",-2.90717036151892
"Wave_1943",-2.66725077416625
"Wave_1944",-2.44759490105241
"Wave_1945",-2.18492691274359
"Wave_1946",-1.68228406490181
"Wave_1947",-1.47661128032365
"Wave_1948",-1.63394013769517
"Wave_1949",-1.39683567229069
"Wave_1950",-0.85804572751985
"Wave_1951",-0.659084232020957
"Wave_1952",-0.405506874974014
"Wave_1953",-0.218005045150996
"Wave_1954",-0.166350760543916
"Wave_1955",-0.536825796523403
"Wave_1956",-0.589915655771283
"Wave_1957",-0.478548514990472
"Wave_1958",-0.466950636347881
"Wave_1959",-0.471591586929341
"Wave_1960",-0.507170676964548
"Wave_1961",-0.459954566495844
"Wave_1962",-0.591194795280843
"Wave_1963",-0.912159923972989
"Wave_1964",-1.1560234579796
"Wave_1965",-1.4214440760836
"Wave_1966",-1.79890334941353
"Wave_1967",-2.05367603085199
"Wave_1968",-2.19098240396464
"Wave_1969",-2.43997232258447
"Wave_1970",-2.75240369479416
"Wave_1971",-2.98730397846933
"Wave_1972",-3.35742202474965
"Wave_1973",-3.46111787414099
"Wave_1974",-3.27835891210923
"Wave_1975",-3.2593986769583
"Wave_1976",-3.13780431715129
"Wave_1977",-3.06427132211166
"Wave_1978",-3.04190153474999
"Wave_1979",-3.28060017581689
"Wave_1980",-3.11722442135905
"Wave_1981",-2.70116657860071
"Wave_1982",-2.48476255158304
"Wave_1983",-2.2014547423321
"Wave_1984",-1.90151418028796
"Wave_1985",-1.76012182592091
"Wave_1986",-1.47286532142892
"Wave_1987",-0.942710048557319
"Wave_1988",-0.53172321245274
"Wave_1989",-0.103574721510763
"Wave_1990",0.119487781659839
"Wave_1991",0.633206795656451
"Wave_1992",1.38021379477193
"Wave_1993",1.7086981957869
"Wave_1994",1.84626826484429
"Wave_1995",2.30195452789533
"Wave_1996",2.84172150166894
"Wave_1997",3.01120622017826
"Wave_1998",3.0096530653103
"Wave_1999",3.40133207446371
"Wave_2000",3.74469118287706
"Wave_2001",3.94309168585239
"Wave_2002",4.49249072188283
"Wave_2003",5.08778096282991
"Wave_2004",5.3490673988992
"Wave_2005",5.09672439258218
"Wave_2006",5.06729343032587
"Wave_2007",5.07363736588472
"Wave_2008",5.11306620085706
"Wave_2009",5.08947585195943
"Wave_2010",5.00705175495608
"Wave_2011",4.86710419554458
"Wave_2012",4.90680106889649
"Wave_2013",5.05016602028585
"Wave_2014",5.05369973850281
"Wave_2015",5.17471934762812
"Wave_2016",5.24108274423415
"Wave_2017",5.25572573820498
"Wave_2018",5.05597198662167
"Wave_2019",4.93561304034188
"Wave_2020",4.94889472305681
"Wave_2021",4.78984693151999
"Wave_2022",4.33589104044708
"Wave_2023",4.15939417818002
"Wave_2024",4.11692894362678
"Wave_2025",4.02822948644897
"Wave_2026",4.12723938183319
"Wave_2027",4.08039017146547
"Wave_2028",3.75678399578203
"Wave_2029",3.58178526189886
"Wave_2030",3.7078547854427
"Wave_2031",4.15772334061446
"Wave_2032",4.0393904638157
"Wave_2033",3.91836271940831
"Wave_2034",3.83094019957553
"Wave_2035",3.34350017327258
"Wave_2036",3.05740741654855
"Wave_2037",3.14907493018335
"Wave_2038",2.91000017940808
"Wave_2039",2.1651730289968
"Wave_2040",1.84802400794608
"Wave_2041",1.78236918823172
"Wave_2042",1.70136921472664
"Wave_2043",1.47581448558371
"Wave_2044",1.25292950498974
"Wave_2045",0.900003435792004
"Wave_2046",0.0751216635356837
"Wave_2047",-0.194293809289143
"Wave_2048",-0.0371153813461196
"Wave_2049",-0.267990173628938
"Wave_2050",-0.578994735977063
"Wave_2051",-0.707608944235739
"Wave_2052",-0.928757132665856
"Wave_2053",-1.12716458784139
"Wave_2054",-1.09063988693097
"Wave_2055",-1.15932202332249
"Wave_2056",-1.35634310585935
"Wave_2057",-1.53347549347659
"Wave_2058",-1.66764123493095
"Wave_2059",-1.70431410696119
"Wave_2060",-1.79534643158848
"Wave_2061",-2.1821845831552
"Wave_2062",-1.94512738576744
"Wave_2063",-1.23656586896893
"Wave_2064",-0.900730437082823
"Wave_2065",-0.329172960434683
"Wave_2066",0.167062422371219
"Wave_2067",0.492379881620698
"Wave_2068",0.632501691871727
"Wave_2069",0.6581566746811
"Wave_2070",0.816223883584591
"Wave_2071",1.21450076217474
"Wave_2072",1.65307469269767
"Wave_2073",1.71995748782168
"Wave_2074",1.81161484025336
"Wave_2075",2.09533599414941
"Wave_2076",1.86592706932402
"Wave_2077",2.05105978818794
"Wave_2078",3.03075159351075
"Wave_2079",3.47572637765439
"Wave_2080",3.61274751223067
"Wave_2081",3.67329894275785
"Wave_2082",3.54434666988209
"Wave_2083",3.64028180423233
"Wave_2084",3.63937562914386
"Wave_2085",3.73839759855711
"Wave_2086",3.96679469950194
"Wave_2087",3.90178190291778
"Wave_2088",3.63102005567395
"Wave_2089",3.47143028259728
"Wave_2090",3.57186329549442
"Wave_2091",4.02660498435504
"Wave_2092",4.21497777886399
"Wave_2093",4.48613451013796
"Wave_2094",4.64249093175152
"Wave_2095",4.78515407193276
"Wave_2096",4.69985197170451
"Wave_2097",4.30190425762258
"Wave_2098",4.18728446031434
"Wave_2099",4.14675109090166
"Wave_2100",3.86536260274313
"Wave_2101",3.40814567765879
"Wave_2102",3.44224874203054
"Wave_2103",3.37621536436682
"Wave_2104",2.99010616535602
"Wave_2105",3.00137015829049
"Wave_2106",3.34643837692002
"Wave_2107",3.35547787808702
"Wave_2108",3.14633120826104
"Wave_2109",3.01709603640051
"Wave_2110",2.70623019039416
"Wave_2111",2.61553896881439
"Wave_2112",2.89571208763567
"Wave_2113",2.66462929525899
"Wave_2114",2.06869865556681
"Wave_2115",1.90522196470753
"Wave_2116",1.7884210137613
"Wave_2117",1.35144234609365
"Wave_2118",1.11020447730704
"Wave_2119",1.04708824068241
"Wave_2120",0.540845232265486
"Wave_2121",-0.0891621887743238
"Wave_2122",-0.0318589575539381
"Wave_2123",0.405222571723674
"Wave_2124",0.283905251260827
"Wave_2125",-0.0738752941123693
"Wave_2126",-0.213167760722937
"Wave_2127",-0.572866606751676
"Wave_2128",-0.784510913137139
"Wave_2129",-0.772904813680622
"Wave_2130",-0.785886475430678
"Wave_2131",-0.760591608020596
"Wave_2132",-0.903698109046787
"Wave_2133",-0.986226457690017
"Wave_2134",-1.09300838679882
"Wave_2135",-1.25294987889091
"Wave_2136",-1.81067513124626
"Wave_2137",-2.09012391547086
"Wave_2138",-2.06817525538467
"Wave_2139",-2.21004619439933
"Wave_2140",-2.38023977235433
"Wave_2141",-2.35272831264257
"Wave_2142",-2.03661526294679
"Wave_2143",-2.14654032339876
"Wave_2144",-2.39619282203463
"Wave_2145",-2.53157562815218
"Wave_2146",-3.0317590307066
"Wave_2147",-3.120282853806
"Wave_2148",-2.74963371673122
"Wave_2149",-2.64068609584609
"Wave_2150",-2.47497005815191
"Wave_2151",-2.44668818404129
"Wave_2152",-2.66715427652196
"Wave_2153",-2.72139422116417
"Wave_2154",-2.59003806867123
"Wave_2155",-2.48466817158783
"Wave_2156",-2.47252635556295
"Wave_2157",-2.25547666622841
"Wave_2158",-1.94585126008538
"Wave_2159",-1.98060291258191
"Wave_2160",-1.957304099881
"Wave_2161",-1.91425448805823
"Wave_2162",-1.76796774603034
"Wave_2163",-1.68179564286719
"Wave_2164",-1.60082514512601
"Wave_2165",-1.26406795942357
"Wave_2166",-1.25804682465162
"Wave_2167",-1.78897939360353
"Wave_2168",-1.75765495029558
"Wave_2169",-1.30684529339916
"Wave_2170",-1.22679674607676
"Wave_2171",-1.10474647697045
"Wave_2172",-0.960662815991712
"Wave_2173",-0.941127431874288
"Wave_2174",-1.28133326004766
"Wave_2175",-1.01215418528634
"Wave_2176",-0.622524001148937
"Wave_2177",-0.767905295135048
"Wave_2178",-0.71151088215324
"Wave_2179",-0.543062099843787
"Wave_2180",-0.455153367153329
"Wave_2181",-0.404697131927077
"Wave_2182",-0.137559860574481
"Wave_2183",-0.0548637634538325
"Wave_2184",-0.13013301210702
"Wave_2185",-0.36883266662687
"Wave_2186",-0.724382229295687
"Wave_2187",-0.910086672954472
"Wave_2188",-1.27809823272515
"Wave_2189",-1.5308783960375
"Wave_2190",-1.61776789128364
"Wave_2191",-1.61299621924838
"Wave_2192",-1.436443561682
"Wave_2193",-1.61566895279557
"Wave_2194",-1.93273688771872
"Wave_2195",-2.09182713871765
"Wave_2196",-2.13071961580612
"Wave_2197",-1.97953504022802
"Wave_2198",-1.9303360731877
"Wave_2199",-1.91614663924754
"Wave_2200",-1.83074631951663
"Wave_2201",-2.27382407327287
"Wave_2202",-2.68222341976806
"Wave_2203",-2.35228566425925
"Wave_2204",-2.451531752665
"Wave_2205",-3.13128305867221
"Wave_2206",-3.30331175032403
"Wave_2207",-3.1674144685463
"Wave_2208",-3.06213147209572
"Wave_2209",-2.89542168743015
"Wave_2210",-2.53013177357217
"Wave_2211",-1.79487038623583
"Wave_2212",-1.50156122127925
"Wave_2213",-1.390625734349
"Wave_2214",-1.15872775838519
"Wave_2215",-0.940543984881895
"Wave_2216",-0.857606271368935
"Wave_2217",-0.776120675119053
"Wave_2218",-0.797792465929078
"Wave_2219",-0.585708440615495
"Wave_2220",-0.68657028780911
"Wave_2221",-0.776209816473004
"Wave_2222",-0.290201661702579
"Wave_2223",0.42408487289223
"Wave_2224",0.757564717185572
"Wave_2225",0.64374374831475
"Wave_2226",0.524249620107329
"Wave_2227",0.769438351660075
"Wave_2228",0.807645514797024
"Wave_2229",0.887777055112727
"Wave_2230",1.57191240404946
"Wave_2231",1.75934932884167
"Wave_2232",1.21263292904624
"Wave_2233",1.12350875366838
"Wave_2234",1.43404582973328
"Wave_2235",1.59812208529848
"Wave_2236",1.59022194465349
"Wave_2237",1.85664882259557
"Wave_2238",2.44122219772867
"Wave_2239",2.53935053807088
"Wave_2240",2.52916883624772
"Wave_2241",2.54109726351259
"Wave_2242",2.39258458124626
"Wave_2243",2.13320395350393
"Wave_2244",1.89009047382045
"Wave_2245",1.39949795821306
"Wave_2246",1.21426956535204
"Wave_2247",1.14253107999123
"Wave_2248",0.856795268564326
"Wave_2249",0.651269988827991
"Wave_2250",0.376200877051415
"Wave_2251",-0.149327604942299
"Wave_2252",-0.465796413474798
"Wave_2253",-0.282130403174021
"Wave_2254",-0.158559854717454
"Wave_2255",-0.738022626429149
"Wave_2256",-1.16877465331101
"Wave_2257",-1.69453839680464
"Wave_2258",-1.96226776986992
"Wave_2259",-2.26029472968983
"Wave_2260",-2.43336646529752
"Wave_2261",-2.42894941535156
"Wave_2262",-2.30293710165827
"Wave_2263",-2.02204426335983
"Wave_2264",-1.89716051723285
"Wave_2265",-1.6738828427982
"Wave_2266",-1.45800168817274
"Wave_2267",-1.3036625676718
"Wave_2268",-1.4304628698382
"Wave_2269",-1.61269302498307
"Wave_2270",-1.62630355402322
"Wave_2271",-1.84675744504219
"Wave_2272",-2.0200111324586
"Wave_2273",-1.97438645935027
"Wave_2274",-2.06677798118883
"Wave_2275",-2.28233444414166
"Wave_2276",-2.65474241242626
"Wave_2277",-2.84348727346738
"Wave_2278",-2.78424299987254
"Wave_2279",-2.740264785807
"Wave_2280",-2.76078711058974
"Wave_2281",-2.9258318215788
"Wave_2282",-2.79326294069705
"Wave_2283",-2.84608000991283
"Wave_2284",-3.05027241503303
"Wave_2285",-3.08411347704622
"Wave_2286",-3.06761917797411
"Wave_2287",-2.5626467144381
"Wave_2288",-2.19704276964697
"Wave_2289",-2.09581562698642
"Wave_2290",-2.0057208836223
"Wave_2291",-1.93822457425855
"Wave_2292",-2.31590494528761
"Wave_2293",-2.17116686393384
"Wave_2294",-1.51117843209594
"Wave_2295",-1.36699458432539
"Wave_2296",-1.21449146061626
"Wave_2297",-1.42044999683866
"Wave_2298",-2.12232431768141
"Wave_2299",-2.47470210851853
"Wave_2300",-2.84558393384428
"Wave_2301",-3.29549584770829
"Wave_2302",-3.778540643883
"Wave_2303",-4.0095847149206
"Wave_2304",-3.92445982989575
"Wave_2305",-4.48073132793078
"Wave_2306",-5.35651321641363
"Wave_2307",-5.79089977485664
"Wave_2308",-6.62630515612592
"Wave_2309",-7.15470133878583
"Wave_2310",-7.0795320825935
"Wave_2311",-7.06188001593092
"Wave_2312",-7.50757280280941
"Wave_2313",-7.17599197233874
"Wave_2314",-5.99236657025309
"Wave_2315",-5.00809520524255
"Wave_2316",-4.30494060888936
"Wave_2317",-3.47437090264337
"Wave_2318",-2.58974075578484
"Wave_2319",-1.60016649573338
"Wave_2320",-0.456956185491088
"Wave_2321",0.655714484894612
"Wave_2322",1.5392874708778
"Wave_2323",2.44639209042264
"Wave_2324",3.6955734133629
"Wave_2325",4.39483849398797
"Wave_2326",4.06348115166711
"Wave_2327",4.0714259400885
"Wave_2328",3.88545553340808
"Wave_2329",3.89363892528368
"Wave_2330",5.01357157271545
"Wave_2331",4.82697843477711
"Wave_2332",4.6825530366202
"Wave_2333",4.12804059450003
"Wave_2334",4.35928804737945
"Wave_2335",4.73386795583042
"Wave_2336",4.5208592344873
"Wave_2337",4.28513217210868
"Wave_2338",4.63311388550131
"Wave_2339",4.77723669221488
"Wave_2340",4.98477862066237
"Wave_2341",6.32539675310812
"Wave_2342",6.33425282932083
"Wave_2343",4.76786049740262
"Wave_2344",4.5896667600989
"Wave_2345",5.32382623616662
"Wave_2346",4.80695533378861
"Wave_2347",4.05773904746288
"Wave_2348",3.46152736180839
"Wave_2349",1.65704666453045
"Wave_2350",1.1001733182796
"Wave_2351",1.5057075129096
"Wave_2352",1.57860327738576
"Wave_2353",2.26278086778965
"Wave_2354",2.40170078392907
"Wave_2355",1.81569864377277
"Wave_2356",2.15002986718438
"Wave_2357",3.01035941659203
"Wave_2358",3.29751891327125
"Wave_2359",4.18539776617425
"Wave_2360",4.50570321324166
"Wave_2361",3.72698612230873
"Wave_2362",3.42105479176863
"Wave_2363",3.2830389731137
"Wave_2364",3.05373295318208
"Wave_2365",2.98856757665452
"Wave_2366",2.71177817411035
"Wave_2367",1.95264309037851
"Wave_2368",1.78848282137204
"Wave_2369",1.99588791621376
"Wave_2370",1.97639134853351
"Wave_2371",2.15884546287122
"Wave_2372",2.28438841468548
"Wave_2373",2.31158411927954
"Wave_2374",2.10706345711025
"Wave_2375",2.00755110013105
"Wave_2376",1.80896469609158
"Wave_2377",0.957599893451093
"Wave_2378",0.730535587717248
"Wave_2379",1.30459131431176
"Wave_2380",0.931694347317275
"Wave_2381",-0.00678380996977812
"Wave_2382",-0.278201549069272
"Wave_2383",-0.105425118470705
"Wave_2384",-0.308580179535151
"Wave_2385",-0.0391996999390369
"Wave_2386",0.281536477099994
"Wave_2387",-0.536160202699845
"Wave_2388",-1.33100496359035
"Wave_2389",-1.35681591418668
"Wave_2390",-1.74037040565081
"Wave_2391",-2.21970818832654
"Wave_2392",-1.22692800866241
"Wave_2393",0.622701359702557
"Wave_2394",1.36175908799908
"Wave_2395",0.871062911684587
"Wave_2396",0.805361556717232
"Wave_2397",1.76231936609998
"Wave_2398",2.32973443278335
"Wave_2399",2.74083835281399
"Wave_2400",3.67640241415588
